0,EOL,TIPO DE U.E,NOME,DRE,SIGLA/LOTE,E-MAIL,ENDEREÇO,Nº,BAIRRO,,CEP,TELEFONE,TELEFONE2,EMPRESA,COD. CODAE
1,19310,CEI CEU,"SILVANA APARECIDA TOBIAS, PROFA.",GUAIANASES,G,ceiceujardimsoares@prefeitura.sp.gov.br,RUA BERTOLINA,228,JARDIM SOARES,"RUA BERTOLINA, 228 - JARDIM SOARES",08460-170,2153-9852,,Apetece Sistemas de Alimentação Ltda,11597
2,19483,CEI,JARDIM SANTA TEREZA,FREGUÊSIA / BRASILÂNDIA,FO,ceijstereza@PREFEITURA.SP.GOV.BR,AUGUSTO CÉSAR SANDINO,S/N,JARDIM ELISA MARIA,"AUGUSTO CÉSAR SANDINO, S/N - JARDIM ELISA MARIA",02875-050,3981-2359,3859-4509,SHA Comércio de Alimentos Ltda,12884
#REF!,400001,CEI,ADELAIDE LOPES RODRIGUES,JAÇANÃ / TREMEMBÉ,JT,ceialrodrigues@prefeitura.sp.gov.br,RUA ALFERES MAGALHÃES,211,SANTANA,"RUA ALFERES MAGALHÃES, 211 - SANTANA",02034-006,2950-3571,2979-7400,SHA Comércio de Alimentos Ltda,7643
#REF!,400002,CEI,ALASTAIR QUINTAS GONCALVES,PENHA,PE I,ceiaagoncalves@prefeitura.sp.gov.br,ALAMEDA RODRIGO DE BRUM,5,VILA PARANAGUÁ,"ALAMEDA RODRIGO DE BRUM, 5 - VILA PARANAGUÁ",03807-230,2546-1547,,Apetece Sistemas de Alimentação Ltda,7523
#REF!,400004,CEI,AMERICO DE SOUZA,PENHA,PE I,ceiamsouza@prefeitura.sp.gov.br,RUA GASPAR PEREIRA,100,VILA PAULISTANA,"RUA GASPAR PEREIRA, 100 - VILA PAULISTANA",03720-120,2958-3676,,Apetece Sistemas de Alimentação Ltda,7557
#REF!,400005,CEI,"ANITA CASTALDI ZAMPIROLLO, PROFA.",JAÇANÃ / TREMEMBÉ,JT,ceiaczampirollo@prefeitura.sp.gov.br,RUA DR. CESAR,485,SANTANA,"RUA DR. CESAR, 485 - SANTANA",02013-002,2976-5226,,SHA Comércio de Alimentos Ltda,7636
#REF!,400006,CEI,ANITA GARIBALDI,SÃO MATEUS,SM II,ceiagaribaldi@prefeitura.sp.gov.br,RUA CARLO CLAUSETTI,177,JARDIM SAPOPEMBA,"RUA CARLO CLAUSETTI, 177 - JARDIM SAPOPEMBA",03928-220,2704-6957,2704-0535,Comercial Milano Brasil LTDA,7682
#REF!,400007,CEI,ANNA FLORENCIO ROMAO,PENHA,PE II,ceiaafromao@prefeitura.sp.gov.br,RUA VISCONDE DO URUGUAI,380,VILA EUTHÁLIA,"RUA VISCONDE DO URUGUAI, 380 - VILA EUTHÁLIA",03518-010,2653-4086,,Apetece Sistemas de Alimentação Ltda,7558
#REF!,400008,CEI,ANTONIA MARIA TORRES DA SILVA,PENHA,PE I,ceiamtsilva@prefeitura.sp.gov.br,RUA PADRE THIAGO ALBERIONE,42,PONTE RASA,"RUA PADRE THIAGO ALBERIONE, 42 - PONTE RASA",03894-200,2280-3693,,Apetece Sistemas de Alimentação Ltda,7520
#REF!,400009,CEI,ANTONIA MUOTRI LAMBERGA,PENHA,PE II,ceiamlamberga@prefeitura.sp.gov.com.br,RUA DR. INÁCIO DE ARAÚJO,232,BRÁS,"RUA DR. INÁCIO DE ARAÚJO, 232 - BRÁS",03053-010,2692-1741,,Apetece Sistemas de Alimentação Ltda,9897
#REF!,400011,CEI,"ANTON MEROTH, PE",SÃO MATEUS,SM I,ceiamerloth@prefeitura.sp.gov.br,RUA GANIMEDES,27,CIDADE SATELITE-SANTA BARBARA,"RUA GANIMEDES, 27 - CIDADE SATELITE-SANTA BARBARA",00083-304,2019-7001,2919-8608,SHA Comércio de Alimentos Ltda,11363
#REF!,400012,CEI,ARAUCARIAS,ITAQUERA,IQ,ceiaraucarias@prefeitura.sp.gov.br,RUA ALBERTO FINK,S/Nº,CONJ. RESID. JOSE BONIFACIO,"RUA ALBERTO FINK , S/Nº - CONJ. RESID. JOSE BONIFACIO",08255-040,2521-3861,,Apetece Sistemas de Alimentação Ltda,7463
#REF!,400013,CEI,"ARTURO DE ANGELIS, MAESTRO",SÃO MIGUEL,MP II,ceiaangelis@prefeitura.sp.gov.br,RUA SANTO ANTONIO DE ENTRE RIOS,25,JARDIM CAROLINA,"RUA SANTO ANTONIO DE ENTRE RIOS, 25 - JARDIM CAROLINA",08151-400,2566-1980,,Singular Gestão de Serviços Ltda,7506
#REF!,400014,CEI,ASSMA CURIATI,SÃO MATEUS,SM II,ceiacuriati@prefeitura.sp.gov.br,RUA FRANCISCO MATIAS,105,JARDIM SAPOPEMBA,"RUA FRANCISCO MATIAS, 105 - JARDIM SAPOPEMBA",03975-050,2919-4950,2262-2919,Comercial Milano Brasil LTDA,7687
#REF!,400015,CEI,AYRTON SENNA DA SILVA,CAPELA DO SOCORRO,CS,ceiasilva@prefeitura.sp.gov.br,AVENIDA INÁCIO CUNHA LEME,205,JARDIM IPANEMA,"AVENIDA INÁCIO CUNHA LEME, 205 - JARDIM IPANEMA",04784-145,5660-6763,5667-0129,P.R.M. SERVIÇOS E MÃO DE OBRA ESPECIALIZADA EIRELI,7447
#REF!,400016,CEI,BARBARA HELIODORA,GUAIANASES,G,ceibheliodora@prefeitura.sp.gov.br,RUA JOSÉ FRANCISCO BRANDÃO,80,INÁCIO MONTEIRO,"RUA JOSÉ FRANCISCO BRANDÃO, 80 - INÁCIO MONTEIRO",08472-725,2282-1618,,Apetece Sistemas de Alimentação Ltda,7466
#REF!,400019,CEI,"ZILDA ARNS NEUMANN, DRA",PENHA,PE I,ceizildaarns@prefeitura.sp.gov.br,RUA ANTONIO FORTUNATO,1050,BURGO PAULISTA,"RUA ANTONIO FORTUNATO, 1050 - BURGO PAULISTA",03681-000,2280-5348,,Apetece Sistemas de Alimentação Ltda,7543
#REF!,400020,CEI,CABREUVAS,ITAQUERA,IQ,ceicabreuvas@prefeitura.sp.gov.br,RUA ANTONIO GANDINI,858,ITAQUERA,"RUA ANTONIO GANDINI, 858 - ITAQUERA",08215-460,2205-6638,,Apetece Sistemas de Alimentação Ltda,7467
#REF!,400021,CEI,"CANTIDIO NOGUEIRA SAMPAIO, VER.",JAÇANÃ / TREMEMBÉ,JT,ceicnsampaio@prefeitura.sp.gov.br,RUA VICENTE QUEIROL,150,JARDIM M. SILVA,"RUA VICENTE QUEIROL, 150 - JARDIM M. SILVA",02323-040,2995-7667,2995-3485,SHA Comércio de Alimentos Ltda,7645
#REF!,400023,CEI,CASA VERDE - WALTER ABRAHAO,FREGUÊSIA / BRASILÂNDIA,FO,ceicverde@prefeitura.sp.gov,RUA JAGUARETÉ,202,CASA VERDE,"RUA JAGUARETÉ, 202 - CASA VERDE",02525-010,3951-5256,,SHA Comércio de Alimentos Ltda,8162
#REF!,400024,CEI,CELIA PERES SUNHIGA,SÃO MATEUS,SM II,ceicpsunhiga@prefeitura.sp.gov.br,RUA DAVID DE MELO LOPES,159,VILA CARDOSO FRANCO,"RUA DAVID DE MELO LOPES  , 159 - VILA CARDOSO FRANCO",03978-070,2704-6825,,Comercial Milano Brasil LTDA,7689
#REF!,400025,CEI,CHACARA DONA OLIVIA,SÃO MIGUEL,MP II,ceicolivia@prefeitura.sp.gov.br,RUA PEREIRA DE FARO,359,ITAIM PAULISTA,"RUA PEREIRA DE FARO, 359 - ITAIM PAULISTA",08141-350,2963-2767,,Singular Gestão de Serviços Ltda,7539
#REF!,400027,CEI,"ELIAS PEREIRA DE MELO, PE.",ITAQUERA,IQ,ceiepmelo@prefeitura.sp.gov.br,RUA MANDASSAIA,95,CIDADE A. E. CARVALHO,"RUA MANDASSAIA, 95 - CIDADE A. E. CARVALHO",08223-120,2041-4068,2280-3898,Apetece Sistemas de Alimentação Ltda,7544
#REF!,400028,CEI,INEZITA BARROSO,SÃO MATEUS,SM II,ceicivcentenario@prefeitura.sp.gov.br,RUA POCOS DE CALDAS,25,JARDIM IV CENTENARIO,"RUA POCOS DE CALDAS, 25 - JARDIM IV CENTENARIO",03933-000,,,Comercial Milano Brasil LTDA,11356
#REF!,400029,CEI,DOROTHY STANG,ITAQUERA,IQ,ceidorothystang@prefeitura.sp.gov.br,RUA JOAQUIM ANTONIO DE SOUZA,61,CIDADE LIDER,"RUA JOAQUIM ANTONIO DE SOUZA , 61 - CIDADE LIDER",08285-190,2741-4453,,Apetece Sistemas de Alimentação Ltda,7469
#REF!,400030,CEI,CIDADE NOVA DO PARQUE NOVO MUNDO,JAÇANÃ / TREMEMBÉ,JT,ceicnpnmundo@prefeitura.sp.gov.br,RUA NOSSA SENHORA APARECIDA,215,PARQUE NOVO MUNDO,"RUA NOSSA SENHORA APARECIDA, 215 - PARQUE NOVO MUNDO",02169-270,2954-4958,2955-8724,SHA Comércio de Alimentos Ltda,7598
#REF!,400031,CEI,CIDADE PEDRO JOSE NUNES,SÃO MIGUEL,MP I,ceicpjnunes@prefeitura.sp.gov.br,AVENIDA MARIO ALVES,482,JARDIM PEDRO JOSÉ NUNES,"AVENIDA MARIO ALVES, 482 - JARDIM PEDRO JOSÉ NUNES",08061-630,2956-3278,,Singular Gestão de Serviços Ltda,7505
#REF!,400032,CEI,CIDADE TIRADENTES,GUAIANASES,G,ceictiradentes@prefeitura.sp.gov.br,RUA SANTO RIZZO,122,SANTA ETELVINA I A,"RUA SANTO RIZZO, 122 - SANTA ETELVINA I A",08470-250,2964-8118,,Apetece Sistemas de Alimentação Ltda,7470
#REF!,400033,CEI,"COHAB FARIA LIMA,BRIG",CAPELA DO SOCORRO,CS,ceicflima@prefeitura.sp.gov.br,RUA APARECIDA D`OESTE,145,GRAJAU,"RUA APARECIDA D`OESTE, 145 - GRAJAU",04840-280,5931-3146,,P.R.M. SERVIÇOS E MÃO DE OBRA ESPECIALIZADA EIRELI,7445
#REF!,400035,CEI,CONJ. PRESTES MAIA,GUAIANASES,G,ceicpmaia@prefeitura.sp.gov.br,RUA INÁCIO PINTO LIMA,16,PRESTES MAIA,"RUA INÁCIO PINTO LIMA, 16 - PRESTES MAIA",08490-020,2555-4155,,Apetece Sistemas de Alimentação Ltda,7493
#REF!,400036,CEI,"CORYNTHO BALDOINO DA COSTA FILHO, VER",ITAQUERA,IQ,ceicbcosta@prefeitura.sp.gov.br,RUA JÚLIO PARIGOT,203,VILA ANTONIETA,"RUA JÚLIO PARIGOT, 203 - VILA ANTONIETA",03478-007,2724-7725,,Apetece Sistemas de Alimentação Ltda,10043
#REF!,400037,CEI,CURUCA VELHA,SÃO MIGUEL,MP II,ceicvelha@prefeitura.sp.gov.br,RUA GRAPIRÁ,10,CURUÇA VELHA,"RUA GRAPIRÁ, 10 - CURUÇA VELHA",08030-190,2584-5278,,Singular Gestão de Serviços Ltda,7517
#REF!,400038,CEI,DELSON DOMINGUES,PENHA,PE I,ceiddomingues@prefeitura.sp.gov.br,RUA MARCO PÓLO,905,PARQUE BOTURUSSU,"RUA MARCO PÓLO, 905 - PARQUE BOTURUSSU",03801-060,2546-7766,,Apetece Sistemas de Alimentação Ltda,8469
#REF!,400039,CEI,INCONFIDENTES,GUAIANASES,G,ceiinconfidentes@prefeitura.sp.gov.br,RUA CONTO DE AREIA,203,CASTRO ALVES,"RUA CONTO DE AREIA, 203 - CASTRO ALVES",08474-220,2282-0855,,Apetece Sistemas de Alimentação Ltda,7473
#REF!,400040,CEI,DOUGLAS DANIEL DO NASCIMENTO,CAPELA DO SOCORRO,CS,ceiddnascimento@prefeitura.sp.gov.br,RUA SABINO ROMARIZ,26,PARQUE GRAJAU,"RUA SABINO ROMARIZ, 26 - PARQUE GRAJAU",04842-000,5661-1671,,P.R.M. SERVIÇOS E MÃO DE OBRA ESPECIALIZADA EIRELI,7462
#REF!,400041,CEI,"DURVAL MIOLA, PROF.",SÃO MIGUEL,MP I,cedmiola@prefeitura.sp.gov.br,RUA PADRE ORLANDO NOGUEIRA,235,LIMOEIRO,"RUA PADRE ORLANDO NOGUEIRA, 235 - LIMOEIRO",08051-560,2280-0564,,Singular Gestão de Serviços Ltda,7512
#REF!,400042,CEI,EDNA ROSELY ALVES,PENHA,PE I,ceieralves@prefeitura.sp.gov.br,AVENIDA FREDERICK HOFFMANN,235,JARDIM COIMBRA,"AVENIDA FREDERICK HOFFMANN, 235 - JARDIM COIMBRA",03693-040,2280-4660,,Apetece Sistemas de Alimentação Ltda,7546
#REF!,400044,CEI,ELIZABETH SOUZA LOBO GARCIA,SÃO MATEUS,SM I,ceieslogarcia@prefeitura.sp.gov.br,AVENIDA MENDONCA E VASCONCELOS,201,JARDIM ESTER,"AVENIDA MENDONCA E VASCONCELOS, 201 - JARDIM ESTER",08330-260,2962-3254,2019-9081,SHA Comércio de Alimentos Ltda,11355
#REF!,400045,CEI,ENEDINA DE SOUSA CARVALHO,IPIRANGA,IP I,ceiescarvalho@prefeitura.sp.gov.br,RUA ANTONIO DE PAIVA AZEVEDO,60,VILA EMA,"RUA ANTONIO DE PAIVA AZEVEDO, 60 - VILA EMA",03284-080,2911-9048,2154-1860,Singular Gestão de Serviços Ltda,7283
#REF!,400046,CEI,"ERMANO MARCHETTI, VER.",JAÇANÃ / TREMEMBÉ,JT,ceiemarchetti@prefeitura.sp.gov.br,RUA NOVA LONDRINA,151,VILA PAULISTANA,"RUA NOVA LONDRINA, 151 - VILA PAULISTANA",02318-230,2204-9463,2953-7401,SHA Comércio de Alimentos Ltda,7635
#REF!,400047,CEI,FERNAO DIAS,JAÇANÃ / TREMEMBÉ,JT,ceifdias@prefeitura.sp;gov.br,RUA MERINO,30,VILA SABRINA,"RUA MERINO, 30 - VILA SABRINA",02161-140,2931-6917,,SHA Comércio de Alimentos Ltda,7601
#REF!,400048,CEI,"FRANCISCO MARCONDES OLIVEIRA, VER.",JAÇANÃ / TREMEMBÉ,JT,ceifmoliveira@prefeitura.sp.gov.br,RUA CARLOS SANTOS,815,JARDIM BRASIL,"RUA CARLOS SANTOS, 815 - JARDIM BRASIL",02234-001,2242-9767,,SHA Comércio de Alimentos Ltda,7597
#REF!,400049,CEI,"FRANCISCO PEREZ, VER.",IPIRANGA,IP II,ceifperez@prefeitura.sp.gov.br,RUA JACAPÉ,148,AGUA FUNDA,"RUA JACAPÉ, 148 - AGUA FUNDA",04315-050,5058-2917,5073-7530,Singular Gestão de Serviços Ltda,7658
#REF!,400050,CEI,"GABRIEL NOGUEIRA DE QUADROS, VER.",ITAQUERA,IQ,ceignquadros@prefeitura.sp.gov.br,RUA LAGOA SECA,67,JARDIM RECORD,"RUA LAGOA SECA , 67 - JARDIM RECORD",03462-100,2916-9195,,Apetece Sistemas de Alimentação Ltda,10044
#REF!,400051,CEI,GENOVEVA DASCOLI,IPIRANGA,IP I,ceigdascoli@prefeitura.sp.gov.br,RUA MARIA DAFFRÉ,740,VILA PRUDENTE,"RUA MARIA DAFFRÉ, 740 - VILA PRUDENTE",03150-020,2347-0846,2345-0129,Singular Gestão de Serviços Ltda,7684
#REF!,400052,CEI,"GERALDO DE ARRUDA PENTEADO, CEL.",CAPELA DO SOCORRO,CS,ceigapenteado@prefeitura.sp.gov.br,RUA VALTER RIBEIRO MARRANY,23,CIDADE DUTRA,"RUA VALTER RIBEIRO MARRANY, 23 - CIDADE DUTRA",04810-010,5666-1685,,P.R.M. SERVIÇOS E MÃO DE OBRA ESPECIALIZADA EIRELI,7456
#REF!,400053,CEI,GERALDO MAGELA PERON,GUAIANASES,G,ceigmperon@prefeitura.sp.gov.br,RUA SAMOUNA,216,JARDIM SOARES,"RUA SAMOUNA, 216 - JARDIM SOARES",08460-230,2557-9956,,Apetece Sistemas de Alimentação Ltda,7497
#REF!,400056,CEI,HELENA PEREIRA DE MORAES,SÃO MIGUEL,MP I,ceihpmoraes@prefeitura.sp.gov.br,RUA CARLO MARATI,61,JARDIM HELENA,"RUA CARLO MARATI, 61 - JARDIM HELENA",08090-460,2581-3962,,Singular Gestão de Serviços Ltda,7511
#REF!,400057,CEI,"HIGINO PELLEGRINI, VER.",SÃO MIGUEL,MP I,ceihpellegrini@prefeitura.sp.gov.br,RUA CORDÃO DE SÃO FRANCISCO,19,JARDIM NOEMIA,"RUA CORDÃO DE SÃO FRANCISCO, 19 - JARDIM NOEMIA",08190-000,2586-6007,,Singular Gestão de Serviços Ltda,7498
#REF!,400059,CEI,INACIO MONTEIRO,GUAIANASES,G,ceiimonteiro@prefeitura.sp.gov.br,RUA CACHOEIRA MORENA,225,INÁCIO MONTEIRO,"RUA CACHOEIRA MORENA, 225 - INÁCIO MONTEIRO",8472610,2555-5905,,Apetece Sistemas de Alimentação Ltda,7495
#REF!,400060,CEI,INEZ MENEZES MARIA,IPIRANGA,IP II,ceiimaria@prefeitura.sp.gov.br,RUA ISABEL DE GOIS,10,JARDIM BOTUCATU,"RUA ISABEL DE GOIS, 10 - JARDIM BOTUCATU",4173150,2335-5064,2331-6255,Singular Gestão de Serviços Ltda,7653
#REF!,400061,CEI,JACARANDA,ITAQUERA,IQ,ceijacaranda@prefeitura.sp.gov.br,RUA AUGUSTO CAVALCANTI,198,ITAQUERA,"RUA AUGUSTO CAVALCANTI, 198 - ITAQUERA",8253110,2521-6327,2524-3557,Apetece Sistemas de Alimentação Ltda,7474
#REF!,400063,CEI,JARDIM ADUTORA,SÃO MATEUS,SM II,ceijadutora@prefeitura.sp.gov.br,RUA ANTONIO VILARES,187,JARDIM ADUTORA,"RUA ANTONIO VILARES, 187 - JARDIM ADUTORA",3978230,2015-9518,2019-0422,Comercial Milano Brasil LTDA,7683
#REF!,400064,CEI,MARIA APARECIDA SIQUEIRA CAMPOS,ITAQUERA,IQ,ceijaricanduva@prefeitura.sp.gov.br,RUA ANTONIO LOMBARDO,56,JARDIM STA TEREZINHA,"RUA ANTONIO LOMBARDO, 56 - JARDIM STA TEREZINHA",3572230,2721-9491,,Apetece Sistemas de Alimentação Ltda,7464
#REF!,400065,CEI,JARDIM CAMARGO NOVO,SÃO MIGUEL,MP II,ceijcnovo@prefeitura.sp.gov.br,RUA SARAVÁ,40,JARDIM CAMARGO NOVO,"RUA SARAVÁ, 40 - JARDIM CAMARGO NOVO",08121-180,2572-2962,,Singular Gestão de Serviços Ltda,7501
#REF!,400066,CEI,JARDIM CAMARGO VELHO,SÃO MIGUEL,MP II,ceijcvelho@prefeitura.sp.gov.br,RUA FLORAI,322,ITAIM PAULISTA,"RUA FLORAI, 322 - ITAIM PAULISTA",8120460,2561-5696,,Singular Gestão de Serviços Ltda,7502
#REF!,400067,CEI,PEDRO HENRIQUE SIQUEIRA LIMA,CAPELA DO SOCORRO,CS,ceiphslima@prefeitura.sp.gov.br,RUA CONSTELAÇÃO DO DOURADO,S/N,JARDIM CAMPINAS,"RUA CONSTELAÇÃO DO DOURADO, S/N - JARDIM CAMPINAS",4858130,5526-7992,,P.R.M. SERVIÇOS E MÃO DE OBRA ESPECIALIZADA EIRELI,7446
#REF!,400068,CEI,JARDIM CAMPOS,SÃO MIGUEL,MP II,ceijcampos@prefeitura.sp.gov.br,RUA ILHA DE MARUI,32,JARDIM CAMPOS,"RUA ILHA DE MARUI, 32 - JARDIM CAMPOS",8151710,2514-0683,,Singular Gestão de Serviços Ltda,7504
#REF!,400071,CEI,"DANIELLE MONTEIRO, GCMF",ITAQUERA,IQ,ceijcatarina@prefeitura.sp.gov.br,RUA SEN.ENADORHENRIQUE NOVAES,310,JARDIM CATARINA,"RUA SEN.ENADORHENRIQUE NOVAES, 310 - JARDIM CATARINA",03906-000,2725-3445,2722-2741,Apetece Sistemas de Alimentação Ltda,10042
#REF!,400072,CEI,JARDIM COLONIAL,SÃO MATEUS,SM II,ceijcolonial@prefeitura.sp.gov.br,AVENIDA JOSE RODRIGUES SANTAREM,494,PARQUE COLONIAL,"AVENIDA JOSE RODRIGUES SANTAREM, 494 - PARQUE COLONIAL",03968-010,,,Comercial Milano Brasil LTDA,11357
#REF!,400073,CEI,JARDIM COLORADO,SÃO MATEUS,SM I,ceijcolorado@prefeitura.sp.gov.br,RUA JOSE DE ARAUJO VIEIRA,30,JARDIM RODOLFO PIRANI,"RUA JOSE DE ARAUJO VIEIRA, 30 - JARDIM RODOLFO PIRANI",08310-240,2754-2551,2753-3756,SHA Comércio de Alimentos Ltda,11450
#REF!,400075,CEI,JARDIM COTINHA,PENHA,PE I,ceijdcotinha@prefeitura.sp.gov.br,RUA BANDEIRA DO ALMADO,18,JARDIM COTINHA,"RUA BANDEIRA DO ALMADO, 18 - JARDIM COTINHA",03887-040,2280-9976,,Apetece Sistemas de Alimentação Ltda,7507
#REF!,400077,CEI,JARDIM DAS PEDRAS,JAÇANÃ / TREMEMBÉ,JT,ceijpedras@prefeitura.sp.gov.br,RUA ENGENHEIRO ANTONIO TOLEDO,S/N,JARDIM PEDRAS,"RUA ENGENHEIRO ANTONIO TOLEDO, S/N - JARDIM PEDRAS",02367-010,2992-5776,2995-2865,SHA Comércio de Alimentos Ltda,7642
#REF!,400080,CEI,JARDIM ELIANA,CAPELA DO SOCORRO,CS,ceijeliana@prefeitura.sp.gov.br,RUA HENRI ARTHUR JONES,88,JARDIM EDITH,"RUA HENRI ARTHUR JONES, 88 - JARDIM EDITH",04851-002,5528-1863,,P.R.M. SERVIÇOS E MÃO DE OBRA ESPECIALIZADA EIRELI,7458
#REF!,400081,CEI,JARDIM EVA,SÃO MIGUEL,MP II,ceijeva@prefeitura.sp.gov.br,RUA UBAÍ,14,ITAIM PAULISTA,"RUA UBAÍ, 14 - ITAIM PAULISTA",08143-070,2572-2256,,Singular Gestão de Serviços Ltda,7509
#REF!,400082,CEI,JARDIM GUAIRACA,IPIRANGA,IP I,ceijguairaca@prefeitura..sp.gov.br,RUA JACITARA TIPITI,217,JARDIM GUAIRACA,"RUA JACITARA TIPITI, 217 - JARDIM GUAIRACA",03244-090,6213-8322,6102-2070,Singular Gestão de Serviços Ltda,7685
#REF!,400084,CEI,JARDIM HELENA,SÃO MATEUS,SM I,ceijhelena@prefeitura.sp.gov.br,RUA ALMEIDA FALCAO,95,JARDIM HELENA,"RUA ALMEIDA FALCAO, 95 - JARDIM HELENA",08371-190,2731-9930,2735-2192,SHA Comércio de Alimentos Ltda,11358
#REF!,400085,CEI,JARDIM HERCILIA,PENHA,PE II,ceijhercilia@prefeitura.sp.gov.br,RUA ALVES MALDONADO,46,VILA NHOCUNÉ,"RUA ALVES MALDONADO, 46 - VILA NHOCUNÉ",03558-050,2749-0180,,Apetece Sistemas de Alimentação Ltda,7548
#REF!,400088,CEI,JARDIM JAPAO,JAÇANÃ / TREMEMBÉ,JT,ceijjapao@prefeitura.sp.gov.br,PRAÇA JANIO DA SILVA QUADROS,270,VILA MARIA ALTA,"PRAÇA JANIO DA SILVA QUADROS, 270 - VILA MARIA ALTA",02132-000,2931-8368,,SHA Comércio de Alimentos Ltda,7605
#REF!,400094,CEI,JARDIM MAIA,SÃO MIGUEL,MP I,ceijmaia@prefeitura.sp.gov.br,AVENIDA ESTRELA DA NOITE,287,JARDIM MAIA,"AVENIDA ESTRELA DA NOITE, 287 - JARDIM MAIA",08180-190,2581-6607,,Singular Gestão de Serviços Ltda,7513
#REF!,400095,CEI,"WILSON DANGELO BRAZ, PROF.",JAÇANÃ / TREMEMBÉ,JT,ceijmaninos@prefeitura.sp.gov.br,AVENIDA DIREITOS HUMANOS,717,JARDIM MANINOS,"AVENIDA DIREITOS HUMANOS, 717 - JARDIM MANINOS",02475-000,2239-8534,,SHA Comércio de Alimentos Ltda,7641
#REF!,400097,CEI,JOAO BENTO DE CARVALHO,ITAQUERA,IQ,ceijbcarvalho@prefeitura.sp.gov.br,RUA PEDRO DE MENA,48,JARDIM MARILIA,"RUA PEDRO DE MENA, 48 - JARDIM MARILIA",03579-270,2742-0846,2749-0874,Apetece Sistemas de Alimentação Ltda,7477
#REF!,400098,CEI,JARDIM MATARAZZO,PENHA,PE I,ceijmatarazzo@prefeitura.sp.gov.br,RUA DONA ZILDA FERNANDES DE HOLANDA,75,JARDIM MATARAZZO,"RUA DONA ZILDA FERNANDES DE HOLANDA, 75 - JARDIM MATARAZZO",03810-080,2544-3075,,Apetece Sistemas de Alimentação Ltda,7514
#REF!,400099,CEI,JARDIM MILIUNAS,SÃO MIGUEL,MP II,ceijmiliunas@prefeitura.sp.gov.br,RUA SARGAÇO,437,ITAIM PAULISTA,"RUA SARGAÇO, 437 - ITAIM PAULISTA",08111-370,2561-8970,,Singular Gestão de Serviços Ltda,7515
#REF!,400101,CEI,JARDIM MONJOLO,FREGUÊSIA / BRASILÂNDIA,FO,ceijmonjolo@prefdeitura.sp.gov,RUA CALIXTO DE ALMEIDA,442,JARDIM MONJOLO,"RUA CALIXTO DE ALMEIDA, 442 - JARDIM MONJOLO",02961-000,3975-3737,3975-5790,SHA Comércio de Alimentos Ltda,7585
#REF!,400102,CEI,JARDIM MONTE ALEGRE,FREGUÊSIA / BRASILÂNDIA,FO,ceijma@hotmail.com,RUA ANTONIO GENELLÍ,175,JARDIM MONTE ALEGRE,"RUA ANTONIO GENELLÍ , 175 - JARDIM MONTE ALEGRE",02811-020,3975-0954,,SHA Comércio de Alimentos Ltda,7586
#REF!,400104,CEI,JARDIM NAZARE,SAO MIGUEL,MP,RUA JOSE FELIPE AMARAL,RUA JOSE FELIPE AMARAL,45,,"RUA JOSÉ FELIPE AMARAL, 45 - JARDIM NAZARÉ",08151-320,,,Singular Gestão de Serviços Ltda,7536
#REF!,400105,CEI,MARIA APARECIDA DOS SANTOS,SÃO MIGUEL,MP II,ceimapsantos@prefeitura.sp.gov.br,RUA ESTEVÃO PINHEIRO,217,ITAIM PAULISTA,"RUA ESTEVÃO PINHEIRO, 217 - ITAIM PAULISTA",08121-360,2963-2510,,Singular Gestão de Serviços Ltda,7508
#REF!,400106,CEI,JARDIM NOVE DE JULHO,SÃO MATEUS,SM II,ceijnjulho@prefeitura.sp.gov.br,RUA GOMES DE MELO,1,JARDIM NOVE DE JULHO,"RUA GOMES DE MELO, 1 - JARDIM NOVE DE JULHO",03951-070,2019-1425,2012-8779,Comercial Milano Brasil LTDA,11451
#REF!,400107,CEI,JARDIM NOVO PARELHEIROS,CAPELA DO SOCORRO,CS,ceijnparelheiros@prefeitura.sp.gov.br,RUA TEREZINHA PRADO DE OLIVEIRA,52,JARDIM N PARELHEIROS,"RUA TEREZINHA PRADO DE OLIVEIRA, 52 - JARDIM N PARELHEIROS",04890-630,5920-8840,5921-0074,P.R.M. SERVIÇOS E MÃO DE OBRA ESPECIALIZADA EIRELI,7449
#REF!,400109,CEI,JARDIM PERI,FREGUÊSIA / BRASILÂNDIA,FO,ceijperi@prefeitura.sp.gov.br,RUA AFONSO LOPES VIEIRA,57,VILA DIONISIA,"RUA AFONSO LOPES VIEIRA, 57 - VILA DIONISIA",02671-100,3851-7646,2851-0178,SHA Comércio de Alimentos Ltda,7588
#REF!,400110,CEI,JARDIM POPULAR,PENHA,PE I, ceijpopular@prefeitura.sp.gov.br,RUA FLOR DE CERA,80,JARDIM POPULAR,"RUA FLOR DE CERA, 80 - JARDIM POPULAR",03671-050,2791-6274 ,,Apetece Sistemas de Alimentação Ltda,7552
#REF!,400111,CEI,JARDIM PRIMAVERA I,FREGUÊSIA / BRASILÂNDIA,FO,ceijprimavera1@prefeitura.sp.gov.br,RUA CRISOLIA,526,JARDIM PRIMAVERA,"RUA CRISOLIA, 526 - JARDIM PRIMAVERA",02756-000,3935-4800,,SHA Comércio de Alimentos Ltda,7593
#REF!,400113,CEI,JARDIM REIMBERG,CAPELA DO SOCORRO,CS,ceijreimberg@prefeitura.sp.gov.br,RUA LUIZ THOMAZ JOAQUIM,74,JARDIM REIMBERG,"RUA LUIZ THOMAZ JOAQUIM, 74 - JARDIM REIMBERG",04845-200,5928-9537,,P.R.M. SERVIÇOS E MÃO DE OBRA ESPECIALIZADA EIRELI,7451
#REF!,400115,CEI,"ILDEFRANCA, IRMA",SÃO MIGUEL,MP II,ceiildefranca@prefeitura.sp.gov.br,RUA PEDRO GERALDO NASCIMENTO,42,JARDIM ROBRU,"RUA PEDRO GERALDO NASCIMENTO, 42 - JARDIM ROBRU",08150-280,2511-0244,,Singular Gestão de Serviços Ltda,7524
#REF!,400116,CEI,JARDIM RODOLFO PIRANI,SÃO MATEUS,SM I,ceijrfpirani@prefeitura.sp.gov.br,RUA CINIRA POLONIO,20,CONJ. PRÓ-MORAR RIO CLARO,"RUA CINIRA POLONIO, 20 - CONJ. PRÓ-MORAR RIO CLARO",08395-320,,,SHA Comércio de Alimentos Ltda,11452
#REF!,400118,CEI,JARDIM ROSELY,SÃO MATEUS,SM I,ceijrosely@prefeitura.sp.gov.br,RUA JOSE DE LIMA,80,JARDIM ROSELI,"RUA JOSE DE LIMA, 80 - JARDIM ROSELI",08380-550,2753-2330,2735-3547,SHA Comércio de Alimentos Ltda,11453
#REF!,400119,CEI,JARDIM RUTH,SÃO MIGUEL,MP I,ceijruth@prefeitura.sp.gov.br,RUA GUARABU,45,JARDIM RUTH,"RUA GUARABU, 45 - JARDIM RUTH",08040-780,2051-6887,,Singular Gestão de Serviços Ltda,7525
#REF!,400120,CEI,JARDIM SANTA MARIA,ITAQUERA,IQ,ceijsmaria@prefeitura.sp.gov.br,RUA EMBIU,256,JARDIM SANTA MARIA,"RUA EMBIU, 256 - JARDIM SANTA MARIA",03574-110,2783-9827,2783-3200,Apetece Sistemas de Alimentação Ltda,7483
#REF!,400121,CEI,JARDIM SANTO ANDRE,SÃO MATEUS,SM I,ceijsandre@prefeitura.sp.gov.br,AVENIDA DOS SERTANISTAS,790,JARDIM SÃO FRANCISCO,"AVENIDA DOS SERTANISTAS, 790 - JARDIM SÃO FRANCISCO",08390-240,2751-2330,2753-4284,SHA Comércio de Alimentos Ltda,11359
#REF!,400123,CEI,JARDIM SAO CARLOS,SÃO MIGUEL,MP I,ceijscarlos@prefeitura.sp.gov.br,RUA SÃO PEDRO DO JEQUITINHONHA,101,SÃO MIGUEL,"RUA SÃO PEDRO DO JEQUITINHONHA, 101 - SÃO MIGUEL",08062-300,2280-0494,,Singular Gestão de Serviços Ltda,7529
#REF!,400128,CEI,JARDIM SAO MARTINHO,SÃO MIGUEL,MP I,ceijsmartinho@prefeitura.sp.gov.br,RUA ERVA DO SERENO,31,JARDIM MAIA,"RUA ERVA DO SERENO, 31 - JARDIM MAIA",08180-010,2584-3553,,Singular Gestão de Serviços Ltda,7530
#REF!,400129,CEI,JARDIM SAO PAULO,GUAIANASES,G,ceijspaulo@prefeitura.sp.gov.br,RUA FELICIANO DE MENDONÇA,500,JARDIM SÃO PAULO,"RUA FELICIANO DE MENDONÇA, 500 - JARDIM SÃO PAULO",08461-120,2557-0343,,Apetece Sistemas de Alimentação Ltda,7487
#REF!,400130,CEI,JARDIM SAO PEDRO,ITAQUERA,IQ,ceijspedro@prefeitura.sp.gov.br,RUA LUIS MATEUS,820,JARDIM SÃO PEDRO,"RUA LUIS MATEUS, 820 - JARDIM SÃO PEDRO",08420-750,2557-9001,2961-8125,Apetece Sistemas de Alimentação Ltda,7488
#REF!,400132,CEI,JARDIM SAO VICENTE,SÃO MIGUEL,MP I,ceijsvicente@prefeitura.sp.gov.br,RUA MOHAMED IBRAHIM SALEH,222,SÃO MIGUEL,"RUA MOHAMED IBRAHIM SALEH, 222 - SÃO MIGUEL",08042-130,2053-9709,,Singular Gestão de Serviços Ltda,7532
#REF!,400134,CEI,JARDIM SILVA TELLES,SÃO MIGUEL,MP II,ceijstelles@prefeitura.sp.gov.br,RUA JOSÉ ALEXANDRE MACHADO,587,ITAIM PAULISTA,"RUA JOSÉ ALEXANDRE MACHADO, 587 - ITAIM PAULISTA",08160-460,2561-1657,,Singular Gestão de Serviços Ltda,7533
#REF!,400135,CEI,JARDIM SILVEIRA,CAPELA DO SOCORRO,CS,ceijsilveira@prefeitura.sp.gov.br,RUA ANTONIO BERNAL,S/N,JARDIM SILVEIRA,"RUA ANTONIO BERNAL, S/N - JARDIM SILVEIRA",04892-100,5920-8709,,P.R.M. SERVIÇOS E MÃO DE OBRA ESPECIALIZADA EIRELI,8448
#REF!,400136,CEI,JARDIM SOMARA,CAPELA DO SOCORRO,CS,ceijsomara@prefeitura.sp.gov.br,RUA ANTONIO FELIPE FILHO,35,JARDIM SOMARA,"RUA ANTONIO FELIPE FILHO, 35 - JARDIM SOMARA",04840-600,5928-0251,,P.R.M. SERVIÇOS E MÃO DE OBRA ESPECIALIZADA EIRELI,7452
#REF!,400139,CEI,JARDIM TIETE,SÃO MATEUS,SM II,ceijtiete@prefeitura.sp.gov.br,RUA ETTORE ANDREAZZA,40,JARDIM TIETE,"RUA ETTORE ANDREAZZA, 40 - JARDIM TIETE",03944-000,2919-2957,2010-9171,Comercial Milano Brasil LTDA,11454
#REF!,400140,CEI,JARDIM TRES CORACOES,CAPELA DO SOCORRO,CS,ceitcoracoes@prefeitura.sp.gov.br,AVENIDA CARLOS ALBERTO BASTOS MACHADO,65,JARDIM MIRNA,"AVENIDA CARLOS ALBERTO BASTOS MACHADO, 65 - JARDIM MIRNA",04856-080,5526-2313,,P.R.M. SERVIÇOS E MÃO DE OBRA ESPECIALIZADA EIRELI,7448
#REF!,400142,CEI,JARDIM TRES MARIAS,PENHA,PE I,ceijtmarias@prefeitura.sp.gov.br,RUA RAIMUNDO NOGUEIRA,55,JARDIM TRÊS MARIAS,"RUA RAIMUNDO NOGUEIRA, 55 - JARDIM TRÊS MARIAS",03675-030,2043-4598,,Apetece Sistemas de Alimentação Ltda,7534
#REF!,400144,CEI,JARDIM UNIVERSITARIO,CAPELA DO SOCORRO,CS,ceijuniversitario@prefeitura.sp.gov.br,RUA GERALDO DO BRUMADO,S/N,JARDIM DAS IMBUIAS,"RUA GERALDO DO BRUMADO, S/N - JARDIM DAS IMBUIAS",04829-500,5929-4840,,P.R.M. SERVIÇOS E MÃO DE OBRA ESPECIALIZADA EIRELI,7441
#REF!,400145,CEI,JARDIM VERA CRUZ,SÃO MATEUS,SM I,ceijvcruz@prefeitura.sp.gov.br,RUA FELIPE COTRIM,54,JARDIM VERA CRUZ,"RUA FELIPE COTRIM, 54 - JARDIM VERA CRUZ",08310-640,2015-3204,2919-3947,SHA Comércio de Alimentos Ltda,11360
#REF!,400146,CEI,JARDIM VERONIA,PENHA,PE I,ceijveronia@prefeitura.sp.gov.br,RUA RITA DE SOUZA,30,JARDIM VERÔNIA,"RUA RITA DE SOUZA, 30 - JARDIM VERÔNIA",03816-100,2546-4974,,Apetece Sistemas de Alimentação Ltda,7535
#REF!,400147,CEI,JARDIM VILA CARRAO,SÃO MATEUS,SM I,ceijvcarrao@prefeitura.sp.gov.br,RUA BARTOLOMEU ANTUNES,40,JARDIM VILA CARRÃO,"RUA BARTOLOMEU ANTUNES, 40 - JARDIM VILA CARRÃO",08340-360,2754-2387,2753-5020,SHA Comércio de Alimentos Ltda,11455
#REF!,400148,CEI,JARDIM VILA PEDROSO,SÃO MIGUEL,MP I,ceijvpedroso@prefeitura.sp.gov.br,RUA JULIÃO PEREIRA MACHADO,20,SÃO MIGUEL,"RUA JULIÃO PEREIRA MACHADO, 20 - SÃO MIGUEL",8020020,2297-4121,,Singular Gestão de Serviços Ltda,7518
#REF!,400149,CEI,JARDIM VISTA ALEGRE,FREGUÊSIA / BRASILÂNDIA,FO,ceijvalegre@prefeitura.sp.gov,RUA IBIRAIARAS,200,JARDIM VISTA ALEGRE,"RUA IBIRAIARAS, 200 - JARDIM VISTA ALEGRE",02878-080,3851-9767,,SHA Comércio de Alimentos Ltda,7590
#REF!,400150,CEI,"JOAO CARLOS FAIRBANKS, VER.",SÃO MIGUEL,MP II,ceijcfairbanks@prefeitura.sp.gov.br,RUA ANDRE FURTADO DE MENDONÇA,307,JARDIM ROMANO,"RUA ANDRE FURTADO DE MENDONÇA, 307 - JARDIM ROMANO",08191-260,2581-7475,,Singular Gestão de Serviços Ltda,7537
#REF!,400151,CEI,"JOAO FRANCISCO DE HARO, VER.",SÃO MATEUS,SM II,ceijfharo@prefeitura.sp.gov.br,RUA PEDRO DE CASTRO VELHO,559,JARDIM IVA,"RUA PEDRO DE CASTRO VELHO, 559 - JARDIM IVA",03921-000,2910-5854,2916-8860,Comercial Milano Brasil LTDA,7680
#REF!,400152,CEI,"JOAO TONIOLO, VER.",FREGUÊSIA / BRASILÂNDIA,FO,ceijoaotoniolo@prefeitura.sp.gov.br,RUA PADRE FELICIANO DOMINGUES,180,FREGUESIA DO Ó,"RUA PADRE FELICIANO DOMINGUES, 180 - FREGUESIA DO Ó",02965-140,3991-1359,,SHA Comércio de Alimentos Ltda,7591
#REF!,400153,CEI,"JOAQUIM GOUVEIA FRANCO JR., VER.",GUAIANASES,G,ceijgfranco@prefeitura.sp.gov.br,RUA ARDOSIA,8,VILA CHABILÂNDIA,"RUA ARDOSIA, 8 - VILA CHABILÂNDIA",08440-440,2557-9947,,Apetece Sistemas de Alimentação Ltda,7491
#REF!,400154,CEI,"JOAQUIM THOME FILHO, VER.",JAÇANÃ / TREMEMBÉ,JT,ceijthome@prefeitura.sp.gov.br,RUA PROF. LUIS AMARAL WAGNER,243,PD BRANCA,"RUA PROF. LUIS AMARAL WAGNER, 243 - PD BRANCA",02635-110,2258-2741,2231-7168,SHA Comércio de Alimentos Ltda,7592
#REF!,400155,CEI,JOCELYNE GUIMARAES FERNANDES DE MELLO,GUAIANASES,G,ceijnedemello@prefeitura.sp.gov.br,RUA UTARO KANAI,280,COHAB JUSCELINO,"RUA UTARO KANAI, 280 - COHAB JUSCELINO",08465-000,2555-2577,2555-5850,Apetece Sistemas de Alimentação Ltda,7475
#REF!,400156,CEI,"JOSE ADRIANO MARREY JR., VER.",CAPELA DO SOCORRO,CS,ceijamarrey@prefeitura.sp.gov.br,RUA DR. ARMANDO FARJADO,410,JARDIM BERNARDO,"RUA DR. ARMANDO FARJADO, 410 - JARDIM BERNARDO",04844-590,5928-5855,,P.R.M. SERVIÇOS E MÃO DE OBRA ESPECIALIZADA EIRELI,7442
#REF!,400157,CEI,"JOSE BUSTAMANTE, VER.",PENHA,PE II,ceijbustamanteeador@prefeitura.sp.gov.br,RUA BURITI ALEGRE,872,VILA RÉ,"RUA BURITI ALEGRE, 872 - VILA RÉ",03657-000,2498-0017,2798-0017,Apetece Sistemas de Alimentação Ltda,7542
#REF!,400158,CEI,"JOSE DE MOURA, VER.",IPIRANGA,IP I,ceijmoura@prefeitura.sp.gov.br,RUA DONA ANA NERY,157,MOOCA,"RUA DONA ANA NERY, 157 - MOOCA",03106-010,3208-6399,3277-3845,Singular Gestão de Serviços Ltda,7666
#REF!,400159,CEI,"JOSE FERREIRA KEFFER, VER.",CAPELA DO SOCORRO,CS,ceijfkeffer@prefeitura.sp.gov.br,RUA IRUPANA,S/N,VILA SÃO JOSÉ,"RUA IRUPANA, S/N - VILA SÃO JOSÉ",04837-270,5928-9432,,P.R.M. SERVIÇOS E MÃO DE OBRA ESPECIALIZADA EIRELI,7454
#REF!,400160,CEI,"JOSE GOMES DE MORAES NETTO, VER.",IPIRANGA,IP II,ceijgmoraes@prefeitura.sp.gov.br,RUA DEMOCRACIA,262,VILA BRASILINA,"RUA DEMOCRACIA, 262 - VILA BRASILINA",04161-060,2947-2482,2969-4462,Singular Gestão de Serviços Ltda,7647
#REF!,400161,CEI,"JOSE MOLINA JR., VER",CAPELA DO SOCORRO,CS,ceijosemolina@prefeitura.sp.gov.br,RUA GASPARUA JOSÉ RAPOSO,S/N,JARDIM ORION,"RUA GASPARUA JOSÉ RAPOSO, S/N - JARDIM ORION",04814-100,5661-9087,,P.R.M. SERVIÇOS E MÃO DE OBRA ESPECIALIZADA EIRELI,7443
#REF!,400165,CEI,"JUSCELINO KUBITSCHEK OLIVEIRA, PRES.",GUAIANASES,G,ceijkubitschek@prefeitura.sp.gov.br,RUA PEDRO DE SEABRA,80,JARDIM SÃO PAULO,"RUA PEDRO DE SEABRA, 80 - JARDIM SÃO PAULO",08461-380,2556-5025,,Apetece Sistemas de Alimentação Ltda,7490
#REF!,400167,CEI,LAUZANE PAULISTA,JAÇANÃ / TREMEMBÉ,JT,ceilpaulista@prefeitura.sp.gov.br,PRAÇA SANTO ESTEVÃO BRITEIROS,25,LAUZANE PAULISTA,"PRAÇA SANTO ESTEVÃO BRITEIROS, 25 - LAUZANE PAULISTA",02443-102,2231-7455,2235-0522,SHA Comércio de Alimentos Ltda,7640
#REF!,400168,CEI,"LIBERO ANCONA LOPES, VER.",SÃO MIGUEL,MP II,ceilalopes@prefeitura.sp.gov.br,RUA BENEDITO RAPOSO,13,JARDIM ROBRU,"RUA BENEDITO RAPOSO, 13 - JARDIM ROBRU",08031-070,2035-1638,,Singular Gestão de Serviços Ltda,7522
#REF!,400169,CEI,LUIZ GONZAGA DO NASCIMENTO JR.,SÃO MATEUS,SM II,eilgnascimento@prefeitura.sp.gov.br,RUA PASCOAL DIAS,719,JARDIM SANTA ADELIA,"RUA PASCOAL DIAS, 719 - JARDIM SANTA ADELIA",03971-010,2919-1522,2019-9914,Comercial Milano Brasil LTDA,11361
#REF!,400170,CEI,"MANOEL DA NOBREGA,PDE.",PENHA,PE II,ceipmnobrega@ig.com.br,RUA PADRE JOSÉ VIEIRA DE MATOS,128 A,ARTUR ALVIM,"RUA PADRE JOSÉ VIEIRA DE MATOS, 128 A - ARTUR ALVIM",03590-010,2741-3183,,Apetece Sistemas de Alimentação Ltda,7481
#REF!,400171,CEI,MARCIA RICCO FERRAZ,FREGUÊSIA / BRASILÂNDIA,FO,ceimrf@prefeitura.sp.gov.br,RUA DR. MARIO DE SANCTIS,58,JARDIM ALMANARA,"RUA DR. MARIO DE SANCTIS, 58 - JARDIM ALMANARA",02863-020,3851-7577,3982-7171,SHA Comércio de Alimentos Ltda,7578
#REF!,400172,CEI,"MARCOS MELEGA, VER.",SÃO MATEUS,SM II,ceimmelega@prefeitura.sp.gov.br,RUA TORRES FLORENCIO E RIELLI,270,JARDIM PLANALTO,"RUA TORRES FLORENCIO E RIELLI, 270 - JARDIM PLANALTO",03984-050,2704-7499,2702-6340,Comercial Milano Brasil LTDA,7681
#REF!,400173,CEI,MARIA AUXILIADORA DA SILVA,JAÇANÃ / TREMEMBÉ,JT,ceimasilva@prefeitura.sp.ov.br,RUA ANGELO ALUISIO,145,JAÇANÃ,"RUA ANGELO ALUISIO, 145 - JAÇANÃ",02276-100,2242-2973,,SHA Comércio de Alimentos Ltda,7604
#REF!,400174,CEI,MARIA CURSI,SÃO MATEUS,SM II,ceimcursi@prefeitura.sp.gov.br,AVENIDA MARIA LUIZA DO VAL PENTEADO,560,SÃO MATEUS,"AVENIDA MARIA LUIZA DO VAL PENTEADO, 560 - SÃO MATEUS",03962-040,2962-5733,2919-8899,Comercial Milano Brasil LTDA,11362
#REF!,400175,CEI,MARIA HENRIQUETA CATITE,JAÇANÃ / TREMEMBÉ,JT,ceimhcatite@prefeitura.sp.gov.br,RUA DOM LUIS FELIPE ORLEANS,1000,VILA MARIA,"RUA DOM LUIS FELIPE ORLEANS, 1000 - VILA MARIA",02118-001,2954-6099,2636-6322,SHA Comércio de Alimentos Ltda,7608
#REF!,400176,CEI,MARIA JOSE DE SOUZA,FREGUÊSIA / BRASILÂNDIA,FO,ceimjsouza@prefeitura.sp.gov.br,RUA EUVALDO AUGUSTO FREIRE,50,JARDIM CAROMBE,"RUA EUVALDO AUGUSTO FREIRE, 50 - JARDIM CAROMBE",02855-030,3935-6385,,SHA Comércio de Alimentos Ltda,7580
#REF!,400178,CEI,MARILIA DE DIRCEU,GUAIANASES,G,ceimdirceu@prefeitura.sp.gov.br,RUA LUIS BORDESE,43,CIDADE TIRADENTES,"RUA LUIS BORDESE, 43 - CIDADE TIRADENTES",08471-790,2282-1211,2282-6722,Apetece Sistemas de Alimentação Ltda,7489
#REF!,400179,CEI,MARIO CALDANA,PENHA,PE I,ceimcaldana@prefeitura.sp.gov.br,RUA HEITOR DINIZ CAMPELLO,258,CHÁCARA CRUZEIRO DO SUL,"RUA HEITOR DINIZ CAMPELLO, 258 - CHÁCARA CRUZEIRO DO SUL",03732-100,2641-8611,,Apetece Sistemas de Alimentação Ltda,7556
#REF!,400180,CEI,MARIO DA COSTA BARBOSA,JAÇANÃ / TREMEMBÉ,JT,ceimcbarbosa@prefeitura.sp.gov.br,RUA SG JETER A. PEREIRA,121,PARQUE NOVO MUNDO,"RUA SG JETER A. PEREIRA, 121 - PARQUE NOVO MUNDO",02188-070,2636-5810,2954-4787,SHA Comércio de Alimentos Ltda,7609
#REF!,400182,CEI,MITIKO MATSUSHITA NEVOEIRO,CAPELA DO SOCORRO,CS,ceimmnevoeiro@prefeitura.sp.gov.br,RUA MARTIN CACHA,15,JARDIM SABIA,"RUA MARTIN CACHA, 15 - JARDIM SABIA",04857-380,5526-7944,,P.R.M. SERVIÇOS E MÃO DE OBRA ESPECIALIZADA EIRELI,8450
#REF!,400183,CEI,MONUMENTO,IPIRANGA,IP II,ceimonumento@prefeitura.sp.gov.br,RUA LEAIS PAULISTANOS,22,IPIRANGA,"RUA LEAIS PAULISTANOS, 22 - IPIRANGA",04202-010,2273-8924,2215-5478,Singular Gestão de Serviços Ltda,7652
#REF!,400185,CEI,NAZARE,SÃO MIGUEL,MP II,ceinazare@prefeitura.sp.gov.br,TRAVESSA DOS MASSEIROS,140,JARDIM NAZARÉ,"TRAVESSA DOS MASSEIROS, 140 - JARDIM NAZARÉ",08152-060,2572-2622,,Singular Gestão de Serviços Ltda,7538
#REF!,400186,CEI,"NAZIR MIGUEL, VER.",PENHA,PE II,ceinazirmiguel@prefeitura.sp.gov.br,RUA PRUDENTE DE MORAIS,210,BRÁS,"RUA PRUDENTE DE MORAIS, 210 - BRÁS",03043-040,3208-4521,,Apetece Sistemas de Alimentação Ltda,9896
#REF!,400187,CEI,NEIDE KETELHUT,GUAIANASES,G,ceineideketelhut@prefeitura.sp.gov.br,RUA CLAUDIO DA COSTA,312,JARDIM AURORA,"RUA CLAUDIO DA COSTA, 312 - JARDIM AURORA",08431-160,2035-7921,2035-5236,Apetece Sistemas de Alimentação Ltda,7465
#REF!,400188,CEI,CEI NINHO ALEGRE,SÃO MIGUEL,MP I,ceinalegre@prefeitura.sp.gov.br,RUA JOÃO NICÁRIO ELEUTÉRIO,430,CIDADE NOVA SÃO MIGUEL,"RUA JOÃO NICÁRIO ELEUTÉRIO, 430 - CIDADE NOVA SÃO MIGUEL",08042-080,2052-3893,,Singular Gestão de Serviços Ltda,7516
#REF!,400189,CEI,ODILIA ALVES ALMEIDA SANTOS,SÃO MIGUEL,MP II,ceioaasantos@prefeitura.sp.gov.br,RUA DES. OSWALDO ARANHA BANDEIRA DE MELLO,376,CIDADE KEMEL,"RUA DES. OSWALDO ARANHA BANDEIRA DE MELLO, 376 - CIDADE KEMEL",8130330,2572-1028,,Singular Gestão de Serviços Ltda,8468
#REF!,400192,CEI,PARADA XV DE NOVEMBRO,ITAQUERA,IQ,ceipxvdenovembro@prefeitura.sp.gov.br,RUA IBIAJARA,111,PARADA XV DE NOVEMBRO,"RUA IBIAJARA, 111 - PARADA XV DE NOVEMBRO",08246-100,2205-9763,,Apetece Sistemas de Alimentação Ltda,7479
#REF!,400193,CEI,"VANDA MARIA RODRIGUES DOS SANTOS, PROFA",CAPELA DO SOCORRO,CS,ceiparbonito@prefeitura.sp.gov.br,RUA CEL ARLINDO DE OLIVEIRA,136,CIDADE DUTRA,"RUA CEL ARLINDO DE OLIVEIRA, 136 - CIDADE DUTRA",04823-200,5661-6529,,P.R.M. SERVIÇOS E MÃO DE OBRA ESPECIALIZADA EIRELI,7444
#REF!,400194,CEI,PARQUE BOTURUSSU,PENHA,PE I,ceipboturussu@prefeitura.sp.gov.br,RUA JOÃO ANTONIO DE ANDRADE,495,PARQUE BOTURUSSU,"RUA JOÃO ANTONIO DE ANDRADE, 495 - PARQUE BOTURUSSU",03805-070,2943-7853,,Apetece Sistemas de Alimentação Ltda,7500
#REF!,400195,CEI,PARQUE CASA DE PEDRA,JAÇANÃ / TREMEMBÉ,JT,ceipcpedra@prefeitura.sp.gov.br,RUA CANTO DO ENGENHO,288,VILA AURORA,"RUA CANTO DO ENGENHO, 288 - VILA AURORA",02322-210,2204-1092,2953-3650,SHA Comércio de Alimentos Ltda,7639
#REF!,400196,CEI,PARQUE COCAIA,CAPELA DO SOCORRO,CS,ceipcocaia@prefeitura.sp.gov.br,RUA TAVARED,84,PARQUE COCAIA,"RUA TAVARED, 84 - PARQUE COCAIA",04850-230,5528-1180,,P.R.M. SERVIÇOS E MÃO DE OBRA ESPECIALIZADA EIRELI,7457
#REF!,400197,CEI,PARQUE DAS PAINEIRAS,PENHA,PE I,ceippaineiras@prefeitura.sp.gov.br,RUA JOSÉ GIORDANO,736,PARQUE DAS PAINEIRAS,"RUA JOSÉ GIORDANO, 736 - PARQUE DAS PAINEIRAS",03694-010,2280-6088,,Apetece Sistemas de Alimentação Ltda,7550
#REF!,400200,CEI,PARQUE FONGARO,IPIRANGA,IP II,ceipfongaro@prefeitura.sp.gov.br,RUA JOAQUIM GONÇALVES ANDRADE,66,PARQUE FONGARO,"RUA JOAQUIM GONÇALVES ANDRADE, 66 - PARQUE FONGARO",04257-020,6946-6434,,Singular Gestão de Serviços Ltda,7650
#REF!,400201,CEI,PARQUE GRAJAU,CAPELA DO SOCORRO,CS,ceipgrajau@prefeitura.sp.gov.br,RUA JONATAS SERRANO,621,PARQUE GRAJAU,"RUA JONATAS SERRANO, 621 - PARQUE GRAJAU",04842-040,5661-5747,,P.R.M. SERVIÇOS E MÃO DE OBRA ESPECIALIZADA EIRELI,7459
#REF!,400202,CEI,PARQUE GUARANI,ITAQUERA,IQ,ceipguarani@prefeitura.sp.gov.br,RUA PINHEIRO DO PARANÁ,483,ITAQUERA,"RUA PINHEIRO DO PARANÁ, 483 - ITAQUERA",08235-590,2051-2922,,Apetece Sistemas de Alimentação Ltda,7510
#REF!,400204,CEI,PARQUE NOVO MUNDO,JAÇANÃ / TREMEMBÉ,JT,ceipanmundo@prefeitura.sp.gov.br,RUA SD FRANCISCO FRANCO,351,PARQUE NOVO MUNDO,"RUA SD FRANCISCO FRANCO, 351 - PARQUE NOVO MUNDO",02180-040,2954-4958,2954-9230,SHA Comércio de Alimentos Ltda,7607
#REF!,400207,CEI,DORALICE PEREIRA DE SOUZA LEONARDO,SÃO MIGUEL,MP II,ceidpsleonardo@prefeitura.sp.gov.br,AVENIDA RIO MIRIVAI,274,ITAIM PAULISTA,"AVENIDA RIO MIRIVAI, 274 - ITAIM PAULISTA",08122-440,2963-2467,,Singular Gestão de Serviços Ltda,7526
#REF!,400208,CEI,PARQUE SANTA MADALENA,SÃO MATEUS,SM II,ceipsmadalena@prefeitura.sp.gov.br,AVENIDA DR. PAULO COLOMBO P. DE QUEIROZ,340,PARQUE SANTA MADALENA,"AVENIDA DR. PAULO COLOMBO P. DE QUEIROZ, 340 - PARQUE SANTA MADALENA",03982-130,2703-2478,2702-1856,Comercial Milano Brasil LTDA,7686
#REF!,400210,CEI,PARQUE SANTA RITA,SÃO MIGUEL,MP II,ceipsrita@prefeitura.sp.gov.br,RUA MATEUS BARBOSA DE REZENDE,120,ITAIM PAULISTA,"RUA MATEUS BARBOSA DE REZENDE, 120 - ITAIM PAULISTA",08161-530,2035-4740,,Singular Gestão de Serviços Ltda,7528
#REF!,400212,CEI,PARQUE SAO RAFAEL II,SÃO MATEUS,SM I,ceipsrafael2@prefeitura.sp.gov.br,RUA SENADOR FILINTO MULLER,391,PARQUE SÃO RAFAEL,"RUA SENADOR FILINTO MULLER, 391 - PARQUE SÃO RAFAEL",08320-110,2019-9404,2919-3814,SHA Comércio de Alimentos Ltda,11364
#REF!,400213,CEI,PARQUE SAVOY CITY,ITAQUERA,IQ,ceipscity@prefeitura.sp.gov.br,RUA ESTEVÃO DIAS VERGARA,700,JARDIM NOSSA SRA. DO CARMO,"RUA ESTEVÃO DIAS VERGARA, 700 - JARDIM NOSSA SRA. DO CARMO",08275-120,2748-7836,2741-1981,Apetece Sistemas de Alimentação Ltda,7485
#REF!,400214,CEI,PAULO CESAR FONTELLES DE LIMA,SÃO MIGUEL,MP I,ceipacflima@prefeitura.sp.gov.br,RUA JOÃO NERY DE CARVALHO,781,VILA ROSÁRIA,"RUA JOÃO NERY DE CARVALHO, 781 - VILA ROSÁRIA",08021-010,2297-1047,,Singular Gestão de Serviços Ltda,7540
#REF!,400216,CEI,"PEDRO BRASIL BANDECCHI, VER.",GUAIANASES,G,ceipbbandecchi@prefeitura.sp.gov.br,RUA MARIA AMÉLIA DE ASSUNÇÃO,185,JARDIM ETELVINA,"RUA MARIA AMÉLIA DE ASSUNÇÃO, 185 - JARDIM ETELVINA",08430-560,2035-0626,,Apetece Sistemas de Alimentação Ltda,7492
#REF!,400217,CEI,PENHA,PENHA,PE II,ceipenha@prefeitura.sp.gov.br,RUA LEOPOLDO DE FREITAS,850,VILA ESPERANÇA,"RUA LEOPOLDO DE FREITAS, 850 - VILA ESPERANÇA",03645-010,2957-8762,,Apetece Sistemas de Alimentação Ltda,7551
#REF!,400222,CEI,"ROBERTO GOMES PEDROSA, VER.",SÃO MATEUS,SM II,ceirgpedrosa@prefeitura.sp.gov.br,RUA BORGES DE MEDEIROS,79,VILA FATIMA,"RUA BORGES DE MEDEIROS, 79 - VILA FATIMA",03920-010,2703-2311,2703-3737,Comercial Milano Brasil LTDA,7679
#REF!,400225,CEI,SAMIR RACHID SALIBA,PENHA,PE II,ceissaliba@prefeitura.sp.gov.br,RUA SERRA DE BRAGANÇA,990,VILA GOMES CARDIM,"RUA SERRA DE BRAGANÇA, 990 - VILA GOMES CARDIM",03318-000,2293-9828,,Apetece Sistemas de Alimentação Ltda,8804
#REF!,400226,CEI,SANTA BARBARA,PENHA,PE II,ceisbarbara@prefeitura.sp.gov.br,RUA MARIA EUGÊNIA CELSO,255,PARQUE ARTUR ALVIM,"RUA MARIA EUGÊNIA CELSO, 255 - PARQUE ARTUR ALVIM",03568-050,2741-6221,,Apetece Sistemas de Alimentação Ltda,7482
#REF!,400227,CEI,MARIA AUGUSTA DE PAULA PROFA,GUAIANASES,G,ceimariapaula@prefeitura.sp.gov.br,RUA DOS PEDREIROS,135,CIDADE TIRADENTES,"RUA DOS PEDREIROS, 135 - CIDADE TIRADENTES",08471-330,2282-0992,2964-0414,Apetece Sistemas de Alimentação Ltda,7472
#REF!,400229,CEI,SAO LUIZ,PENHA,PE II,ceisaoluiz@prefeitura.sp.gov.br,RUA IRMÃO NICOLAU DA FONSECA,121,COHAB I - PE. MANOEL DA NÓBREGA,"RUA IRMÃO NICOLAU DA FONSECA, 121 - COHAB I - PE. MANOEL DA NÓBREGA",03590-170,2741-6682,,Apetece Sistemas de Alimentação Ltda,7486
#REF!,400230,CEI,SILVIA COVAS,IPIRANGA,IP I,"ceiscovas@prefeitura,sp.gov.br",PRAÇA JOSE VICENTE NOBREGA,21,CAMBUCI,"PRAÇA JOSE VICENTE NOBREGA, 21 - CAMBUCI",01541-040,2273-3011,6163-0077,Singular Gestão de Serviços Ltda,7656
#REF!,400232,CEI,SUZANA CAMPOS TAUIL,IPIRANGA,IP I,ceisctauil@prefeitura.sp.gov.br,RUA LOEFGREEN,1963,VILA CLEMENTINO,"RUA LOEFGREEN, 1963 - VILA CLEMENTINO",04040-033,5575-5325,5571-3525,Singular Gestão de Serviços Ltda,7669
#REF!,400234,CEI,TEOTONIO VILELA,SÃO MATEUS,SM II,ceitvilela@prefeitura.sp.gov.br,AVENIDA ARQUITETO VILA NOVA ARTIGAS,780,JARDIM SAPOPEMBA,"AVENIDA ARQUITETO VILA NOVA ARTIGAS, 780 - JARDIM SAPOPEMBA",03928-240,2702-9526,2704-0777,Comercial Milano Brasil LTDA,7688
#REF!,400235,CEI,VELEIROS,CAPELA DO SOCORRO,CS,ceiveleiros@prefeitura.sp.gov.br,AVENIDA IPANEMA,834,VELEIROS,"AVENIDA IPANEMA, 834 - VELEIROS",04773-010,5523-1366,,P.R.M. SERVIÇOS E MÃO DE OBRA ESPECIALIZADA EIRELI,7453
#REF!,400236,CEI,"VICENTINA VELASCO, AS. SOCIAL",IPIRANGA,IP II,ceivvelasco@prefeitura.sp.gov.br,TRAVESSA CASTRO PRADO,39,PARQUE BRISTOL,"TRAVESSA CASTRO PRADO , 39 - PARQUE BRISTOL",04193-060,2331-6198,2331-6199,Singular Gestão de Serviços Ltda,7649
#REF!,400237,CEI,"CRISTINA, ME.",JAÇANÃ / TREMEMBÉ,JT,ceicristina@prefeitura.sp.gov.br,RUA INÁCIO MAMMANA,363,VILA MAZZEI,"RUA INÁCIO MAMMANA, 363 - VILA MAZZEI",02409-610,2994-3072,2204-8611,SHA Comércio de Alimentos Ltda,7637
#REF!,400238,CEI,VILA BASILEIA,JAÇANÃ / TREMEMBÉ,JT,ceivbasileia@prefeitura.sp.gov.br,RUA DR. SOARES BRANDÃO FILHO,40,VILA BASILÉIA,"RUA DR. SOARES BRANDÃO FILHO, 40 - VILA BASILÉIA",02471-050,2239-9260,,SHA Comércio de Alimentos Ltda,7638
#REF!,400239,CEI,VILA BRASILANDIA,FREGUÊSIA / BRASILÂNDIA,FO,ceivilabrasilandia@ig.com.br,RUA DOMINGOS VEJA,500,VILA BRASILANDIA,"RUA DOMINGOS VEJA, 500 - VILA BRASILANDIA",02837-000,3921-6092,,SHA Comércio de Alimentos Ltda,7579
#REF!,400241,CEI,VILA CARMOSINA,ITAQUERA,IQ,ceivcarmosina@prefeitura.sp.gov.br,RUA WALDEMAR MANCINI,666,ITAQUERA,"RUA WALDEMAR MANCINI, 666 - ITAQUERA",08295-290,2205-7179,2071-3321,Apetece Sistemas de Alimentação Ltda,7468
#REF!,400242,CEI,VILA CHUCA,ITAQUERA,IQ,ceivchuca@prefeitura.sp.gv.br,RUA ANDRE BASILE,245,VILA CHUCA,"RUA ANDRE BASILE, 245 - VILA CHUCA",08270-370,2521-5784,,Apetece Sistemas de Alimentação Ltda,7494
#REF!,400243,CEI,MARIA DA GLORIA FREIRE LEMOS,PENHA,PE I,ceimgloria@prefeitura.sp.gov.br,RUA AIQUARA,17,VILA CISPER,"RUA AIQUARA, 17 - VILA CISPER",03818-210,2943-6026,,Apetece Sistemas de Alimentação Ltda,7545
#REF!,400245,CEI,VILA CONSTANCA,JAÇANÃ / TREMEMBÉ,JT,ceivilaconstanca@prefeitura.sp.gov.br,RUA SÃO GERALDINO,S/N,VILA CONSTANÇA,"RUA SÃO GERALDINO, S/N - VILA CONSTANÇA",02258-220,2240-4411,2240-5267,SHA Comércio de Alimentos Ltda,7599
#REF!,400246,CEI,VILA CONSTANCIA,PENHA,PE I,ceivilaconstancia@prefeitura.sp.gov.br,RUA DR. SAUL DE CAMARGO NEVES,248,VILA CONSTÂNCIA,"RUA DR. SAUL DE CAMARGO NEVES, 248 - VILA CONSTÂNCIA",03755-100,2546-7098,,Apetece Sistemas de Alimentação Ltda,7547
#REF!,400249,CEI,VILA GUSTAVO,JAÇANÃ / TREMEMBÉ,JT,ceivgustavo@prefeitura.sp.gov.br,RUA JOÃO ROSA,8,VILA NIVI,"RUA JOÃO ROSA, 8 - VILA NIVI",02255-130,2981-8517,,SHA Comércio de Alimentos Ltda,7603
#REF!,400251,CEI,VILA LIBANESA,PENHA,PE I,ceivilalibanesa@prefeitura.sp.gov.br,RUA ARPOAR,66,JARDIM GONZAGA,"RUA ARPOAR, 66 - JARDIM GONZAGA",03756-120,2621-7044,,Apetece Sistemas de Alimentação Ltda,7549
#REF!,400254,CEI,VILA PENTEADO,FREGUÊSIA / BRASILÂNDIA,FO,ceivpenteado@prefeitura.sp.gov.br,RUA LUIS JOSE JUNQUEIRA FREIRE,125,VILA PENTEADO,"RUA LUIS JOSE JUNQUEIRA FREIRE, 125 - VILA PENTEADO",02864-000,3984-6254,3983-7591,SHA Comércio de Alimentos Ltda,7587
#REF!,400256,CEI,VILA PRADO,FREGUÊSIA / BRASILÂNDIA,FO,ceiprado@yahoo.com.br,RUA QUARTIN BARBOSA,40,BAIRRO DO LIMÃO,"RUA QUARTIN BARBOSA, 40 - BAIRRO DO LIMÃO",02563-040,3951-7689,3965-8167,SHA Comércio de Alimentos Ltda,7589
#REF!,400258,CEI,VILA PROGRESSO,SÃO MIGUEL,MP I,ceivprogresso@prefeitura.sp.gov.br,RUA SUZANA DE MELO,881,VILA PROGRESSO,"RUA SUZANA DE MELO, 881 - VILA PROGRESSO",08245-160,2052-6133,,Singular Gestão de Serviços Ltda,7519
#REF!,400259,CEI,VILA RAMOS,ITAQUERA,IQ,ceivramos@prefeitura.sp.gov.br,RUA LARANJA DE NATAL,251,PARQUE GUARANI,"RUA LARANJA DE NATAL, 251 - PARQUE GUARANI",08235-750,2042-2002,2048-1179,Apetece Sistemas de Alimentação Ltda,7521
#REF!,400260,CEI,VILA SALETE,PENHA,PE I,ceivsalete@prefeitura.sp.gov.br,TRAVESSA COATIMIRIM,S/N,PENHA,"TRAVESSA COATIMIRIM, S/N - PENHA",03617-190,2684-1340,,Apetece Sistemas de Alimentação Ltda,7553
#REF!,400261,CEI,VILA SANTA INES,SÃO MIGUEL,MP I,ceivsines@prefeitura.sp.gov.br,RUA RAINHA DO BOSQUE,210,ERMELINO MATARAZZO,"RUA RAINHA DO BOSQUE, 210 - ERMELINO MATARAZZO",03812-030,2546-7291,,Singular Gestão de Serviços Ltda,7527
#REF!,400262,CEI,SANTA TERESA,IPIRANGA,IP II,ceisteresa@prefeitura.sp.gov.br,RUA CLAUDIO FERREIRA MANOEL,140,VILA LIVIEIRO,"RUA CLAUDIO FERREIRA MANOEL, 140 - VILA LIVIEIRO",04187-200,2331-9844,2335-6611,Singular Gestão de Serviços Ltda,7654
#REF!,400263,CEI,VILA SANTA TERESINHA,ITAQUERA,IQ,ceivsterezinha@prefeitura.sp.gov.br,RUA MAJOR VITORINO DE SOUZA ROCHA,148,VILA SANTA TEREZINHA,"RUA MAJOR VITORINO DE SOUZA ROCHA, 148 - VILA SANTA TEREZINHA",08290-570,2205-8662,,Apetece Sistemas de Alimentação Ltda,7484
#REF!,400264,CEI,VILA SAO FRANCISCO,PENHA,PE I,ceivsfrancisco@prefeitura.sp.gov.br,PRAÇA DÉLIO DE CARVALHO,906,VILA SÃO FRANCISCO,"PRAÇA DÉLIO DE CARVALHO, 906 - VILA SÃO FRANCISCO",03679-110,2043-4961,,Apetece Sistemas de Alimentação Ltda,7531
#REF!,400265,CEI,"CELIA REGINA KUHL, PROFA",JAÇANÃ / TREMEMBÉ,JT,ceicregina@prefeitura.sp.gov.br,RUA CAETANO TEIXEIRA,291,JARDIM V BIANÇA,"RUA CAETANO TEIXEIRA, 291 - JARDIM V BIANÇA",02355-270,2952-6558,,SHA Comércio de Alimentos Ltda,7644
#REF!,400266,CEI,WILSON JOSE ABDALLA,IPIRANGA,IP I,ceiwjabdalla@prefeitura.sp.gov.br,RUA NEVES CARVALHO,850,BOM RETIRO,"RUA NEVES CARVALHO, 850 - BOM RETIRO",01132-010,3222-2109,3337-0147,Singular Gestão de Serviços Ltda,7634
#REF!,400267,CEI,YOJIRO TAKAOKA,CAPELA DO SOCORRO,CS,ceiytakaoka@prefeitura.sp.gov.br,AVENIDA LOURENÇO CABREIRA,1023,JARDIM PRIMAVERA,"AVENIDA LOURENÇO CABREIRA, 1023 - JARDIM PRIMAVERA",04812-010,5661-0889,,P.R.M. SERVIÇOS E MÃO DE OBRA ESPECIALIZADA EIRELI,7450
#REF!,400270,CEI,ZACARIA MAURO FACCIO GONCALVES,GUAIANASES,G,ceizmfgoncalves@prefeitura.sp.gov.br,RUA CAVALEIRO DE JORGE,300,BARRO BRANCO I,"RUA CAVALEIRO DE JORGE, 300 - BARRO BRANCO I",08474-210,2282-1380,,Apetece Sistemas de Alimentação Ltda,7496
#REF!,400272,CEI,ROSA SABAG ADDAS,SÃO MIGUEL,MP II,ceirsaddas@prefeitura.sp.gov.br,RUA VISCONDE DE ALJEZUR,398,VILA JUREMA,"RUA VISCONDE DE ALJEZUR, 398 - VILA JUREMA",08130-210,2572-1727,,Singular Gestão de Serviços Ltda,9525
#REF!,400275,CEI,NICOLAI NICOLAEVICH KOCHERGIN,CAPELA DO SOCORRO,CS,ceinnkochergin@prefeitura.sp.gov.br,RUA JOSÉ RIBEIRO JUNQUEIRA,S/N,JARDIM COLONIAL,"RUA JOSÉ RIBEIRO JUNQUEIRA, S/N - JARDIM COLONIAL",04821-020,5663-2263,,P.R.M. SERVIÇOS E MÃO DE OBRA ESPECIALIZADA EIRELI,9592
#REF!,400276,CEI,GUILHERME HENRIQUE PINTO COELHO,FREGUÊSIA / BRASILÂNDIA,FO,ceighpcoelho@prefeitura.sp.gov.br,RUA DOS PIONEIROS,26,VILA NOVA CACHOEIRINHA,"RUA DOS PIONEIROS, 26 - VILA NOVA CACHOEIRINHA",02567-200,2255-6294,,SHA Comércio de Alimentos Ltda,9651
#REF!,400277,CEI,"MARIELCIA FLORENCIO DE MORAIS, PROFA",GUAIANASES,G,ceictiradentes2@prefeitura.sp.gov.br,RUA CRISTIANO LOBE,200,SANTA ETELVINA VII A,"RUA CRISTIANO LOBE, 200 - SANTA ETELVINA VII A",08475-340,2964-4455,2282-5856,Apetece Sistemas de Alimentação Ltda,9533
#REF!,400278,CEI,"MARIO PEREIRA COSTA, PROF",GUAIANASES,G,ceictiradentes3@prefeitura.sp.gov.br,RUA ARROIO ARAPONGAS,159,SANTA ETELVINA II B,"RUA ARROIO ARAPONGAS, 159 - SANTA ETELVINA II B",08485-440,2285-3744,,Apetece Sistemas de Alimentação Ltda,9623
#REF!,400279,CEI,"MARIA CONCEICAO MONTEIRO AYRES, PROFA",GUAIANASES,G,mcmayres@prefeitura.sp.gov.br,RUA DR. GUILHERME DE A. SODRÉ,323,PRESTES MAIA,"RUA DR. GUILHERME DE A. SODRÉ, 323 - PRESTES MAIA",8490010,2518-4913,,Apetece Sistemas de Alimentação Ltda,9593
#REF!,400280,CEI,ADHEMAR FERREIRA DA SILVA,GUAIANASES,G,ceiafsilva@prefeitura.sp.gov.br,RUA ANTONIO CARLOS M. LOPESS/N,S/N,SANTA ETELVINA V A,"RUA ANTONIO CARLOS M. LOPESS/N, S/N - SANTA ETELVINA V A",08473-270,2964-2166,2964-2307,Apetece Sistemas de Alimentação Ltda,9668
#REF!,400281,CEI,GOITI,ITAQUERA,IQ,ceigoiti@prefeitura.sp.gov.br,RUA DOS LIRIOS,S/N,CIDADE A. E. CARVALHO,"RUA DOS LIRIOS, S/N - CIDADE A. E. CARVALHO",08220-280,2043-6110,,Apetece Sistemas de Alimentação Ltda,9626
#REF!,400282,CEI CEU,"WALTER DE ANDRADE, PROF",PENHA,PE II,ceitiquatira@prefeitura.sp.gov.br,AVENIDA CONDESSA ELIZABETH DE ROBIANO,S/N,VILA MOREIRA,"AVENIDA CONDESSA ELIZABETH DE ROBIANO, S/N - VILA MOREIRA",03704-000,2227-0510,,Apetece Sistemas de Alimentação Ltda,9589
#REF!,400284,CEI,"LUCIANO MENDES DE ALMEIDA, DOM",GUAIANASES,G,dlmalmeida@prefeitura.sp.gov.br,RUA GONÇALO LOPES DE CAMARGO,28,LAJEADO,"RUA GONÇALO LOPES DE CAMARGO, 28 - LAJEADO",08450-560,2552-1482,,Apetece Sistemas de Alimentação Ltda,9534
#REF!,400287,CEI,"CELSO DANIEL, PROF.",ITAQUERA,IQ,ceicdaniel@prefeitura.sp.gov.br,RUA JOSE DORIA DE ANDRADE,535,CIDADE LIDER,"RUA JOSE DORIA DE ANDRADE, 535 - CIDADE LIDER",08285-340,2746-0999,,Apetece Sistemas de Alimentação Ltda,9560
#REF!,400288,CEI,"EDUARDO DE CAMPOS ROSMANINHO, DR",IPIRANGA,IP II,ceieduardodecampos@prefeitura.sp.gov.br,RUA DOM BERNADO NOGUEIRA,921,VILA GUMERCINDO,"RUA DOM BERNADO NOGUEIRA, 921 - VILA GUMERCINDO",04134-001,5585-2666,5585-3701,Singular Gestão de Serviços Ltda,9448
#REF!,400290,CEI,CONJ. HABITACIONAL TEXIMA,SÃO MIGUEL,MP II,ceichtexima@prefeitura.sp.gov.br,RUA HENRIQUE ABADIÊ,70,ITAIM PAULISTA,"RUA HENRIQUE ABADIÊ, 70 - ITAIM PAULISTA",08111-765,2572-1728,,Singular Gestão de Serviços Ltda,9540
#REF!,400291,CEI,"MATIAS BONAR GONZALEZ, PE",PENHA,PE II,mbgoncalez@prefeitura.sp.gov.br,RUA ESTÉFANO FILLIPINI,99,ARTUR ALVIM,"RUA ESTÉFANO FILLIPINI, 99 - ARTUR ALVIM",03591-150,2748-0074,,Apetece Sistemas de Alimentação Ltda,9625
#REF!,400292,CEI,"ABGAIL DA ROCHA MORENO, PROFA",PENHA,PE I,ceiarmoreno@prefeitura.sp.gov.br,RUA BOIPEVA,27,CID. ANTONIO ESTEVAM,"RUA BOIPEVA, 27 - CID. ANTONIO ESTEVAM",08220-030,2041-8371,,Apetece Sistemas de Alimentação Ltda,9721
#REF!,400294,CEI,JARDIM CLIMAX II,IPIRANGA,IP II,ceijclimaxii@prefeitura.sp.gov.br,RUA CELESTINO VIDAL,S/N,JARDIM CLIMAX,"RUA CELESTINO VIDAL, S/N - JARDIM CLIMAX",04191-290,2331-6664,2334-2999,Singular Gestão de Serviços Ltda,9632
#REF!,400295,CEI,VILA MARILENA,GUAIANASES,G,ceivmarilena@prefeitura.sp.gov.br,RUA RIO FARTURA,200,JARDIM SÃO CARLOS,"RUA RIO FARTURA, 200 - JARDIM SÃO CARLOS",08411-410,2554-4199,2557-8700,Apetece Sistemas de Alimentação Ltda,9637
#REF!,400296,CEI,"TITO DE ALENCAR, FREI",GUAIANASES,G,ceitalencar@prefeitura.sp.gov.br,RUA FRANCISCO JOSÉ VIANAS/N.,S/N,SANTA ETELVINA IV A,"RUA FRANCISCO JOSÉ VIANAS/N., S/N - SANTA ETELVINA IV A",08471-533,2285-6055,,Apetece Sistemas de Alimentação Ltda,9639
#REF!,400297,CEI,JOAO UBALDO RIBEIRO,SÃO MATEUS,SM II,ceispopemba2@prefeitura.sp.gov.br,RUA ROSA DA CHINA,01-A,JARDIM SÃO ROBERTO,"RUA ROSA DA CHINA, 01-A - JARDIM SÃO ROBERTO",03978-750,2702-4018,2704-7594,Comercial Milano Brasil LTDA,9667
#REF!,400299,CEI,DOMINGUINHOS,SÃO MATEUS,SM I,ceipbesperanca@prefeitura.sp.gov.br,RUA FRANCISCO DE MELO PALHETA,851,PARQUE BOA ESPERANÇA,"RUA FRANCISCO DE MELO PALHETA, 851 - PARQUE BOA ESPERANÇA",08341-000,2731-4561,2735-2523,SHA Comércio de Alimentos Ltda,11456
#REF!,400303,CEI,MADRE PAULINA,GUAIANASES,G,madrepaulina@prefeitura.sp.gov.br,RUA ALEXANDRE DAVIENKO,801,BARRO BRANCO I,"RUA ALEXANDRE DAVIENKO, 801 - BARRO BRANCO I",08473-592,2282-2245,,Apetece Sistemas de Alimentação Ltda,9732
#REF!,400304,CEI,"ALICE APARECIDA DE SOUZA , PROFA",GUAIANASES,G,ceicsetelvina5a@prefeitura.sp.gov.br,RUA EDUARDO ORIOLLI,430,CIDADE TIRADENTES,"RUA EDUARDO ORIOLLI, 430 - CIDADE TIRADENTES",08470-600,2559-2201,,Apetece Sistemas de Alimentação Ltda,9757
#REF!,400377,CEI,PARQUE EDU CHAVES,JAÇANÃ / TREMEMBÉ,JT,ceipaechaves@prefeitura.sp.gov.br,RUA HINTEM MARTINS,390,JAÇANÃ,"RUA HINTEM MARTINS, 390 - JAÇANÃ",02229-070,2240-6467,2240-5722,SHA Comércio de Alimentos Ltda,9719
#REF!,400489,CEI,VILA AIMORE,SÃO MIGUEL,MP I,ceivimore@prefeitura.sp.gov.br,RUA SIMÃO RODRIGUES MOREIRA,S/N,VILA AIMORÉ,"RUA SIMÃO RODRIGUES MOREIRA, S/N - VILA AIMORÉ",08180-500,2581-5037,,Singular Gestão de Serviços Ltda,9851
#REF!,400495,CCI,SECRETARIA DE SERVICOS E OBRAS - LIMPURB,PENHA,PE II,, R. Azurita,100,Canindé, R. Azurita 100,03034-050,3328-2814,,Apetece Sistemas de Alimentação Ltda,11560
#REF!,400496,CEI,TREZE DE MAIO (ANTIGA CCI SNJ),IPIRANGA,IP I,ceitrezedemaio@prefeitura.sp.gov.br,RUA TREZE DE MAIO,1279,BELA VISTA,"RUA TREZE DE MAIO, 1279 - BELA VISTA",01327-000,3289-1218,3288-8478,Singular Gestão de Serviços Ltda,13714
#REF!,400498,CCI,NOSSA SENHORA DO Ó,FREGUÊSIA / BRASILÂNDIA,FO,ccinsro@gmail.com,Avenida Itaberaba,1377,FREGUESIA DO Ó,"Avenida Itaberaba, 1377 - FREGUESIA DO Ó",02734-000,3999-6911,,SHA Comércio de Alimentos Ltda,11563
#REF!,400505,CEI,IÇAMI TIBA (HSPM),IPIRANGA,IP I,ceiicamitiba@prefeitura.sp.gov.brq,RUA CASTRO ALVES,163,LIBERDADE,"RUA CASTRO ALVES, 163 - LIBERDADE",,3208-1545,3209-1416,Singular Gestão de Serviços Ltda,12431
#REF!,400509,CCI,CAMARA MUNICIPAL DE SAO PAULO,IPIRANGA,IP I,, Palácio Anchieta - Viaduto Jacareí,100,BELA VISTA, Palácio Anchieta - Viaduto Jacareí 100,01319-040,3396-4000,,Singular Gestão de Serviços Ltda,
#REF!,400513,CEI CEU,DIRCE MIGLIACCIO,ITAQUERA,IQ,ceiceuaricanduva@prefeitura.sp.gov.br,RUA OLGA FADEL ABARCA,S/N,JARDIM SANTA TEREZINHA,"RUA OLGA FADEL ABARCA, S/N - JARDIM SANTA TEREZINHA",03572-020,2723-7515,2723-7538,Apetece Sistemas de Alimentação Ltda,9850
#REF!,400515,CEI CEU,CIDADE DUTRA,CAPELA DO SOCORRO,CS,ceiceucidadedutra@prefeitura.sp.gov.br,AVENIDA INTERLAGOS,7350,INTERLAGOS,"AVENIDA INTERLAGOS, 7350 - INTERLAGOS",04777-000,5668-1911,,P.R.M. SERVIÇOS E MÃO DE OBRA ESPECIALIZADA EIRELI,9855
#REF!,400516,CEI CEU,JOSELY MARIA CARDOSO BENTO,GUAIANASES,G,ceiceujoselymaria@prefeitura.sp.gov.br,RUA BARÃO BARROSO DO AMAZONAS,S/N,COHAB INÁCIO MONTEIRO,"RUA BARÃO BARROSO DO AMAZONAS, S/N - COHAB INÁCIO MONTEIRO",08472-721,2518-9033,2518-9034,Apetece Sistemas de Alimentação Ltda,9899
#REF!,400517,CEI CEU,"EVANIR APARECIDA HILARIO, PROFA",GUAIANASES,G,ceiceuevanirahilario@prefeitura.sp.gov.br,AVENIDA JOSÉ PINHEIRO BORGES,61,JARDIM MORENO,"AVENIDA JOSÉ PINHEIRO BORGES, 61 - JARDIM MORENO",08430-810,2960-2013,2960-2012,Apetece Sistemas de Alimentação Ltda,9834
#REF!,400518,CEI CEU,MENINOS,IPIRANGA,IP II,ceiceumeninos@prefeitura.sp.gov.br,RUA BARBINOS,111,SÃO JOÃO CLIMACO,"RUA BARBINOS, 111 - SÃO JOÃO CLIMACO",04240-110,2945-2513,2945-2541,Singular Gestão de Serviços Ltda,9883
#REF!,400519,CEI CEU,NAVEGANTES,CAPELA DO SOCORRO,CS,ceiceunavegantes@prefeitura.sp.gov.br,RUA MARIA MOASSAB BARBOUR,S/N,PARQUE RESID. COCAIA,"RUA MARIA MOASSAB BARBOUR, S/N - PARQUE RESID. COCAIA",04849-330,5976-5517,,P.R.M. SERVIÇOS E MÃO DE OBRA ESPECIALIZADA EIRELI,9916
#REF!,400520,CEI CEU,PARQUE SAO CARLOS,SÃO MIGUEL,MP I,ceiceupscarlos@prefeitura.sp.gov.br,RUA CLAREAR,141,JARDIM SÃO CARLOS,"RUA CLAREAR, 141 - JARDIM SÃO CARLOS",08062-590,2045-4236,2045-4234,Singular Gestão de Serviços Ltda,9880
#REF!,400521,CEI CEU,PARQUE VEREDAS,SÃO MIGUEL,MP II,ceiceupveredas@prefeitura.sp.gov.br,RUA DANIEL MULLER,347,ITAIM PAULISTA,"RUA DANIEL MULLER, 347 - ITAIM PAULISTA",08141-290,2563-6216,,Singular Gestão de Serviços Ltda,9841
#REF!,400524,CEI CEU,SAO MATEUS,SÃO MATEUS,SM I,ceiceusaomateus@prefeitura.sp.gov.br,RUA CURUMATIM,201,PARQUE BOA ESPERANÇA,"RUA CURUMATIM, 201 - PARQUE BOA ESPERANÇA",08341-240,,,SHA Comércio de Alimentos Ltda,11457
#REF!,400525,CEI CEU,SAO RAFAEL,SÃO MATEUS,SM I,ceiceusaorafael@prefeitura.sp.gov.br,RUA CINIRA POLONIO,100,CONJ. PRÓ-MORAR RIO CLARO,"RUA CINIRA POLONIO, 100 - CONJ. PRÓ-MORAR RIO CLARO",08395-320,,,SHA Comércio de Alimentos Ltda,11458
#REF!,400526,CEI CEU,TRES LAGOS,CAPELA DO SOCORRO,CS,ceiceutreslagos@prefeitura.sp.gov.br,ESTRADA DO BARRO BRANCO,S/N,BARRO BRANCO,"ESTRADA DO BARRO BRANCO, S/N - BARRO BRANCO",04852-320,5976-5641,,P.R.M. SERVIÇOS E MÃO DE OBRA ESPECIALIZADA EIRELI,9917
#REF!,400528,CEI CEU,"ANA LUCIA DE HOLANDA GAMBOA, PROFA.",SÃO MIGUEL,MP II,ceiceuvcuruça@prefeitura.sp.gov.br,AVENIDA MARECHAL TITO,3400,ITAIM PAULISTA,"AVENIDA MARECHAL TITO, 3400 - ITAIM PAULISTA",08115-000,2563-6127,,Singular Gestão de Serviços Ltda,9898
#REF!,400529,CEI CEU,ROSA DA CHINA,SÃO MATEUS,SM II,ceiceurosadachina@prefeitura.sp.gov.br,RUA CLARA PETRELA,113,JARDIM SÃO ROBERTO,"RUA CLARA PETRELA, 113 - JARDIM SÃO ROBERTO",03978-500,2701-2310,2701-2311,Comercial Milano Brasil LTDA,9840
#REF!,400535,CEI CEU,PAZ,FREGUÊSIA / BRASILÂNDIA,FO,ceiceupaz@prefeitura.sp.gov.br,RUA DA PAZ,7,JARDIM PARANÁ,"RUA DA PAZ, 7 - JARDIM PARANÁ",02878-990,3986-3444,,SHA Comércio de Alimentos Ltda,10058
#REF!,400543,CEI,INOCOOP IPIRANGA,IPIRANGA,IP II,ceiiipiranga@prefeitura.sp.gov.br,RUA BARBINOS,S/N,SÃO JOÃO CLIMACO,"RUA BARBINOS, S/N - SÃO JOÃO CLIMACO",04240-110,2945-8187,2945-6060,Singular Gestão de Serviços Ltda,10087
#REF!,400550,CEI,VILA CURUCA II,SÃO MIGUEL,MP II,ceivcuruca2@prefeitura.sp.gov.br,RUA GEORGINA DINIZ BRAGHIROLI,350,VILA CURUÇA,"RUA GEORGINA DINIZ BRAGHIROLI, 350 - VILA CURUÇA",08031-560,2515-0032,,Singular Gestão de Serviços Ltda,10394
#REF!,400553,CEI,JARDIM REPUBLICA,CAPELA DO SOCORRO,CS,ceijrepublica@prefeitura.sp.gov.br,RUA JOSÉ BONIFÁCIO FILHO,301,JARDIM S BENEDITO,"RUA JOSÉ BONIFÁCIO FILHO, 301 - JARDIM S BENEDITO",04813-060,5662-6525,,P.R.M. SERVIÇOS E MÃO DE OBRA ESPECIALIZADA EIRELI,10497
#REF!,400554,CEI,PARQUE AMERICA,CAPELA DO SOCORRO,CS,ceipamerica@prefeitura.sp.gov.br,RUA NIASI JORGE ABDO,202,PARQUE AMÉRICA,"RUA NIASI JORGE ABDO, 202 - PARQUE AMÉRICA",04822-140,5924-8750,,P.R.M. SERVIÇOS E MÃO DE OBRA ESPECIALIZADA EIRELI,10496
#REF!,400569,CEI,"REYNALDO DE MARIA FREITAS E SILVA, PROF",FREGUÊSIA / BRASILÂNDIA,FO,ceireynaldo@prefeitura.sp.gov.br,RUA OSCAR DE MOURA LACERDA,200,JARDIM ROSSIN,"RUA OSCAR DE MOURA LACERDA, 200 - JARDIM ROSSIN",02541-070,2239-8220,,SHA Comércio de Alimentos Ltda,10535
#REF!,400596,CEI CEU,AGUA AZUL,GUAIANASES,G,ceiceuaguazul@prefeitura.sp.gov.br,RUA AVENIDA DOS METALURGICOS,1300,CIDADE TIRADENTES,"RUA AVENIDA DOS METALURGICOS, 1300 - CIDADE TIRADENTES",08471-000,2282-7157,,Apetece Sistemas de Alimentação Ltda,11089
#REF!,400597,CEI CEU,AZUL DA COR DO MAR,ITAQUERA,IQ,ceiceuazuldacordomar@prefeitura.sp.gov.br,AVENIDA ERNESTO SOUZA CRUZ,2171,CIDADE AE CARVALHO,"AVENIDA ERNESTO SOUZA CRUZ, 2171 - CIDADE AE CARVALHO",08225-380,2042-4092,,Apetece Sistemas de Alimentação Ltda,11093
#REF!,400599,CEI CEU,VILA RUBI,CAPELA DO SOCORRO,CS,ceivilarubi@prefeitura.sp.gov.br,RUA DOMINGOS TARROSO,101,VILA RUBI,"RUA DOMINGOS BARROSO, 101 - VILA RUBI",04823-090,2661-3562,,P.R.M. SERVIÇOS E MÃO DE OBRA ESPECIALIZADA EIRELI,11085
#REF!,400600,CEI CEU,JACANA,JAÇANÃ / TREMEMBÉ,JT,ceiceujacana@prefeitura.sp.gov.br,AVENIDA ANTONIO CESAR NETO,105,JARDIM GUAPIRA,"AVENIDA ANTONIO CESAR NETO, 105 - JARDIM GUAPIRA",02276-000,3397-3972,,SHA Comércio de Alimentos Ltda,11096
#REF!,400672,CEI CEU,JARDIM PAULISTANO,FREGUÊSIA / BRASILÂNDIA,FO,anapimentel@prefeitura.sp.gov.br,RUA APARECIDA DO TABOADO,400,JARDIM PAULISTANO,"RUA APARECIDA DO TABOADO, 400 - JARDIM PAULISTANO",02814-000,3397-5433,3979-6704,SHA Comércio de Alimentos Ltda,11697
#REF!,400674,CEI CEU,QUINTA DO SOL,PENHA,PE I,ceiquintadosol@prefeitura.sp.gov.br,AVENIDA LUIS IMPARATO,564,VILA CISPER,"AVENIDA LUIS IMPARATO, 564 - VILA CISPER",03819-160,2214-7113,,Apetece Sistemas de Alimentação Ltda,11667
#REF!,400675,CEI CEU,RUBEM ALVES,SÃO MATEUS,SM II,ceiceusapopemba@prefeitura.sp.gov.br,RUA MANUEL QUIRINO DE MATOS,S/N,JARDIM SAPOPEMBA,"RUA MANUEL QUIRINO DE MATOS, S/N - JARDIM SAPOPEMBA",03969-000,3793-0131,3793-0130,Comercial Milano Brasil LTDA,11680
#REF!,400676,CEI CEU,TRES PONTES,SÃO MIGUEL,MP II,ceiceutrespontes@prefeitura.sp.gov.br,RUA CAPACHOS,400,JARDIM CÉLIA,"RUA CAPACHOS, 400 - JARDIM CÉLIA",08191-330,3397-6415,,Singular Gestão de Serviços Ltda,11730
#REF!,400690,CEI CEU,PARQUE BRISTOL,IPIRANGA,IP II,ceiceupqbristol@prefeitura.sp.gov.br,RUA PROF. ARTUR PRIMAVESI,S/N,PARQUE BRISTOL,"RUA PROF. ARTUR PRIMAVESI, S/N - PARQUE BRISTOL",04177-070,2264-8762,,Singular Gestão de Serviços Ltda,12148
#REF!,400691,CEI CEU,"ADELAIDE TERESA LOPES CIMONARI, PROFA (FORMOSA)",ITAQUERA,IQ,ceiceuformosa@prefeitura.sp.gov.br,RUA SARGENTO CLAUDINER EVARISTO DIAS,10,PARQUE SANTO ANTONIO,"RUA SARGENTO CLAUDINER EVARISTO DIAS, 10 - PARQUE SANTO ANTONIO",03385-150,2216-0526,,Apetece Sistemas de Alimentação Ltda,12096
#REF!,400696,CEI CEU,ALTO ALEGRE,SÃO MATEUS,SM I,ceiceualtoalegre@prefeitura.sp.gov.br,AVENIDA BENTO GUELFI,S/N,JARDIM DAS LARANJEIRAS,"AVENIDA BENTO GUELFI, S/N   - JARDIM DAS LARANJEIRAS",08381-001,,,SHA Comércio de Alimentos Ltda,11857
#REF!,400710,CEI CEU,PARELHEIROS,CAPELA DO SOCORRO,CS,ceiceuparelheiros@prefeitura.sp.gov.br,RUA JOSE PEDRO DE BORBA,20,JARDIM NOVO PARELHEIROS,"RUA JOSE PEDRO DE BORBA, 20 - JARDIM NOVO PARELHEIROS",04890-090,5921-4679,,P.R.M. SERVIÇOS E MÃO DE OBRA ESPECIALIZADA EIRELI,12070
#REF!,400713,CEI,INDIANOPOLIS,IPIRANGA,IP I,ceidiretoindian@PREFEITURA.SP.GOV.BR,Alameda Iraé,35,MOEMA,"Alameda Iraé, 35 - MOEMA",,5051-2517,5051-5230,Singular Gestão de Serviços Ltda,12183
#REF!,400753,CEI,"GREGORIO WESTRUPP, PE.",IPIRANGA,IP I,ceigregoriowestrupp@PREFEITURA.SP.GOV.BR,RUA ESTADO DE ISRAEL,565,VILA MARIANA,"RUA ESTADO DE ISRAEL, 565 - VILA MARIANA",04022-001,5084-5193,,Singular Gestão de Serviços Ltda,12701
#REF!,400762,CEI,MARIA APARECIDA NASCIMENTO,SÃO MATEUS,SM I,ceimanascimento@prefeitura.sp.gov.br,RUA JORGE CARLOS DE ALMEIDA,29,JARDIM SANTO ANDRÉ,"RUA JORGE CARLOS DE ALMEIDA, 29 - JARDIM SANTO ANDRÉ",08390-000,2253-2923,,SHA Comércio de Alimentos Ltda,12847
